id;Gemeente;Groep_rij;Geslacht;Bij geboorte;Bij geboorte (afwijking tov NL);Bij 65 jaar;Bij 65 jaar (afwijking tov NL)
1680;Aa en Hunze;Levensverwachting;Totaal;82,5;boven, 99% zeker;20,5;boven, 99% zeker
1680;Aa en Hunze;Levensverwachting;Mannen;80,0;geen;18,9;boven, 95% zeker
1680;Aa en Hunze;Levensverwachting;Vrouwen;85,0;boven, 99% zeker;22,0;boven, 99% zeker
738;Aalburg;Levensverwachting;Totaal;80,9;geen;19,2;onder, 99% zeker
738;Aalburg;Levensverwachting;Mannen;79,8;geen;17,6;onder, 99% zeker
738;Aalburg;Levensverwachting;Vrouwen;81,9;onder, 95% zeker;20,8;geen
358;Aalsmeer;Levensverwachting;Totaal;83,2;boven, 99% zeker;20,8;boven, 99% zeker
358;Aalsmeer;Levensverwachting;Mannen;80,8;boven, 99% zeker;18,9;boven, 95% zeker
358;Aalsmeer;Levensverwachting;Vrouwen;85,7;boven, 99% zeker;22,6;boven, 99% zeker
197;Aalten;Levensverwachting;Totaal;82,0;boven, 95% zeker;20,4;boven, 99% zeker
197;Aalten;Levensverwachting;Mannen;79,9;geen;18,5;geen
197;Aalten;Levensverwachting;Vrouwen;84,1;boven, 95% zeker;22,0;boven, 99% zeker
59;Achtkarspelen;Levensverwachting;Totaal;81,0;onder, 95% zeker;19,4;onder, 99% zeker
59;Achtkarspelen;Levensverwachting;Mannen;78,9;onder, 99% zeker;17,3;onder, 99% zeker
59;Achtkarspelen;Levensverwachting;Vrouwen;83,1;geen;21,3;geen
482;Alblasserdam;Levensverwachting;Totaal;82,8;boven, 99% zeker;20,8;boven, 99% zeker
482;Alblasserdam;Levensverwachting;Mannen;81,1;boven, 95% zeker;19,8;boven, 99% zeker
482;Alblasserdam;Levensverwachting;Vrouwen;84,6;boven, 99% zeker;21,9;boven, 95% zeker
613;Albrandswaard;Levensverwachting;Totaal;82,7;boven, 99% zeker;20,9;boven, 99% zeker
613;Albrandswaard;Levensverwachting;Mannen;80,9;boven, 99% zeker;18,9;geen
613;Albrandswaard;Levensverwachting;Vrouwen;84,4;boven, 99% zeker;22,9;boven, 99% zeker
361;Alkmaar;Levensverwachting;Totaal;81,7;geen;19,9;geen
361;Alkmaar;Levensverwachting;Mannen;79,7;geen;18,5;geen
361;Alkmaar;Levensverwachting;Vrouwen;83,6;geen;21,2;geen
141;Almelo;Levensverwachting;Totaal;79,7;onder, 99% zeker;19,0;onder, 99% zeker
141;Almelo;Levensverwachting;Mannen;77,7;onder, 99% zeker;17,2;onder, 99% zeker
141;Almelo;Levensverwachting;Vrouwen;81,6;onder, 99% zeker;20,5;onder, 99% zeker
34;Almere;Levensverwachting;Totaal;81,8;boven, 99% zeker;19,8;geen
34;Almere;Levensverwachting;Mannen;80,3;boven, 99% zeker;18,5;geen
34;Almere;Levensverwachting;Vrouwen;83,3;geen;21,1;geen
484;Alphen aan den Rijn;Levensverwachting;Totaal;82,2;boven, 99% zeker;20,3;boven, 99% zeker
484;Alphen aan den Rijn;Levensverwachting;Mannen;80,8;boven, 99% zeker;19,0;boven, 99% zeker
484;Alphen aan den Rijn;Levensverwachting;Vrouwen;83,5;geen;21,6;boven, 99% zeker
1723;Alphen-Chaam;Levensverwachting;Totaal;84,0;boven, 99% zeker;22,7;boven, 99% zeker
1723;Alphen-Chaam;Levensverwachting;Mannen;82,7;boven, 99% zeker;20,7;boven, 99% zeker
1723;Alphen-Chaam;Levensverwachting;Vrouwen;85,1;boven, 95% zeker;24,4;boven, 99% zeker
60;Ameland;Levensverwachting;Totaal;83,3;boven, 95% zeker;22,1;boven, 99% zeker
60;Ameland;Levensverwachting;Mannen;78,9;geen;19,3;geen
60;Ameland;Levensverwachting;Vrouwen;88,0;boven, 99% zeker;24,6;boven, 99% zeker
307;Amersfoort;Levensverwachting;Totaal;81,6;geen;19,6;onder, 99% zeker
307;Amersfoort;Levensverwachting;Mannen;79,7;geen;18,1;onder, 99% zeker
307;Amersfoort;Levensverwachting;Vrouwen;83,2;geen;20,9;onder, 99% zeker
362;Amstelveen;Levensverwachting;Totaal;82,6;boven, 99% zeker;20,5;boven, 99% zeker
362;Amstelveen;Levensverwachting;Mannen;80,8;boven, 99% zeker;19,1;boven, 99% zeker
362;Amstelveen;Levensverwachting;Vrouwen;84,2;boven, 99% zeker;21,6;boven, 99% zeker
363;Amsterdam;Levensverwachting;Totaal;80,5;onder, 99% zeker;19,1;onder, 99% zeker
363;Amsterdam;Levensverwachting;Mannen;78,5;onder, 99% zeker;17,7;onder, 99% zeker
363;Amsterdam;Levensverwachting;Vrouwen;82,3;onder, 99% zeker;20,3;onder, 99% zeker
200;Apeldoorn;Levensverwachting;Totaal;81,3;onder, 99% zeker;19,8;onder, 99% zeker
200;Apeldoorn;Levensverwachting;Mannen;79,7;geen;18,5;geen
200;Apeldoorn;Levensverwachting;Vrouwen;82,7;onder, 99% zeker;20,8;onder, 99% zeker
3;Appingedam;Levensverwachting;Totaal;79,9;onder, 99% zeker;18,8;onder, 99% zeker
3;Appingedam;Levensverwachting;Mannen;77,4;onder, 99% zeker;17,4;onder, 99% zeker
3;Appingedam;Levensverwachting;Vrouwen;82,4;geen;19,9;onder, 99% zeker
202;Arnhem;Levensverwachting;Totaal;80,1;onder, 99% zeker;18,9;onder, 99% zeker
202;Arnhem;Levensverwachting;Mannen;78,3;onder, 99% zeker;17,3;onder, 99% zeker
202;Arnhem;Levensverwachting;Vrouwen;81,7;onder, 99% zeker;20,2;onder, 99% zeker
106;Assen;Levensverwachting;Totaal;81,5;geen;20,2;boven, 99% zeker
106;Assen;Levensverwachting;Mannen;80,1;geen;18,9;boven, 99% zeker
106;Assen;Levensverwachting;Vrouwen;82,7;onder, 95% zeker;21,4;geen
743;Asten;Levensverwachting;Totaal;82,4;boven, 99% zeker;20,1;geen
743;Asten;Levensverwachting;Mannen;80,2;geen;18,3;geen
743;Asten;Levensverwachting;Vrouwen;84,6;boven, 99% zeker;21,7;geen
744;Baarle-Nassau;Levensverwachting;Totaal;81,4;geen;20,0;geen
744;Baarle-Nassau;Levensverwachting;Mannen;79,3;geen;18,6;geen
744;Baarle-Nassau;Levensverwachting;Vrouwen;83,6;geen;21,5;geen
308;Baarn;Levensverwachting;Totaal;80,1;onder, 99% zeker;19,4;onder, 99% zeker
308;Baarn;Levensverwachting;Mannen;78,2;onder, 99% zeker;17,6;onder, 99% zeker
308;Baarn;Levensverwachting;Vrouwen;81,8;onder, 99% zeker;20,9;geen
489;Barendrecht;Levensverwachting;Totaal;83,7;boven, 99% zeker;21,1;boven, 99% zeker
489;Barendrecht;Levensverwachting;Mannen;82,3;boven, 99% zeker;19,7;boven, 99% zeker
489;Barendrecht;Levensverwachting;Vrouwen;85,0;boven, 99% zeker;22,4;boven, 99% zeker
203;Barneveld;Levensverwachting;Totaal;82,1;boven, 99% zeker;20,0;geen
203;Barneveld;Levensverwachting;Mannen;80,3;geen;18,6;geen
203;Barneveld;Levensverwachting;Vrouwen;83,8;boven, 95% zeker;21,3;geen
5;Bedum;Levensverwachting;Totaal;82,4;boven, 99% zeker;20,1;geen
5;Bedum;Levensverwachting;Mannen;80,4;geen;18,2;geen
5;Bedum;Levensverwachting;Vrouwen;84,4;boven, 99% zeker;21,9;boven, 95% zeker
888;Beek;Levensverwachting;Totaal;83,5;boven, 99% zeker;21,1;boven, 99% zeker
888;Beek;Levensverwachting;Mannen;81,6;boven, 99% zeker;19,3;boven, 99% zeker
888;Beek;Levensverwachting;Vrouwen;85,2;boven, 99% zeker;22,6;boven, 99% zeker
370;Beemster;Levensverwachting;Totaal;84,7;boven, 99% zeker;22,1;boven, 99% zeker
370;Beemster;Levensverwachting;Mannen;83,1;boven, 99% zeker;20,8;boven, 99% zeker
370;Beemster;Levensverwachting;Vrouwen;86,1;boven, 99% zeker;23,1;boven, 99% zeker
889;Beesel;Levensverwachting;Totaal;82,6;boven, 99% zeker;21,0;boven, 99% zeker
889;Beesel;Levensverwachting;Mannen;81,2;boven, 99% zeker;19,5;boven, 99% zeker
889;Beesel;Levensverwachting;Vrouwen;83,9;geen;22,2;boven, 99% zeker
7;Bellingwedde;Levensverwachting;Totaal;79,0;onder, 99% zeker;19,0;onder, 99% zeker
7;Bellingwedde;Levensverwachting;Mannen;77,8;onder, 95% zeker;18,6;geen
7;Bellingwedde;Levensverwachting;Vrouwen;80,2;onder, 99% zeker;19,4;onder, 99% zeker
1945;Berg en Dal;Levensverwachting;Totaal;80,3;onder, 99% zeker;18,7;onder, 99% zeker
1945;Berg en Dal;Levensverwachting;Mannen;78,9;onder, 99% zeker;17,8;onder, 99% zeker
1945;Berg en Dal;Levensverwachting;Vrouwen;81,7;onder, 99% zeker;19,4;onder, 99% zeker
1724;Bergeijk;Levensverwachting;Totaal;82,8;boven, 99% zeker;20,5;boven, 99% zeker
1724;Bergeijk;Levensverwachting;Mannen;81,3;boven, 99% zeker;19,6;boven, 99% zeker
1724;Bergeijk;Levensverwachting;Vrouwen;84,4;boven, 99% zeker;21,4;geen
893;Bergen (L.);Levensverwachting;Totaal;81,3;geen;19,5;onder, 95% zeker
893;Bergen (L.);Levensverwachting;Mannen;80,0;geen;18,0;onder, 95% zeker
893;Bergen (L.);Levensverwachting;Vrouwen;82,5;geen;20,9;geen
373;Bergen (NH.);Levensverwachting;Totaal;81,9;geen;20,2;boven, 95% zeker
373;Bergen (NH.);Levensverwachting;Mannen;80,4;geen;19,3;boven, 99% zeker
373;Bergen (NH.);Levensverwachting;Vrouwen;83,3;geen;21,0;geen
748;Bergen op Zoom;Levensverwachting;Totaal;81,1;onder, 99% zeker;19,6;onder, 99% zeker
748;Bergen op Zoom;Levensverwachting;Mannen;79,5;geen;18,2;onder, 95% zeker
748;Bergen op Zoom;Levensverwachting;Vrouwen;82,4;onder, 99% zeker;20,8;onder, 99% zeker
1859;Berkelland;Levensverwachting;Totaal;82,7;boven, 99% zeker;20,9;boven, 99% zeker
1859;Berkelland;Levensverwachting;Mannen;80,4;geen;18,8;geen
1859;Berkelland;Levensverwachting;Vrouwen;85,0;boven, 99% zeker;23,0;boven, 99% zeker
1721;Bernheze;Levensverwachting;Totaal;81,6;geen;19,7;geen
1721;Bernheze;Levensverwachting;Mannen;79,8;geen;18,2;geen
1721;Bernheze;Levensverwachting;Vrouwen;83,3;geen;21,2;geen
753;Best;Levensverwachting;Totaal;82,4;boven, 99% zeker;20,1;geen
753;Best;Levensverwachting;Mannen;81,6;boven, 99% zeker;18,9;boven, 95% zeker
753;Best;Levensverwachting;Vrouwen;83,0;geen;21,2;geen
209;Beuningen;Levensverwachting;Totaal;82,3;boven, 95% zeker;20,8;boven, 99% zeker
209;Beuningen;Levensverwachting;Mannen;80,8;boven, 95% zeker;19,1;boven, 99% zeker
209;Beuningen;Levensverwachting;Vrouwen;83,7;geen;22,4;boven, 99% zeker
375;Beverwijk;Levensverwachting;Totaal;81,1;geen;20,0;geen
375;Beverwijk;Levensverwachting;Mannen;79,1;onder, 95% zeker;18,2;geen
375;Beverwijk;Levensverwachting;Vrouwen;83,0;geen;21,5;geen
585;Binnenmaas;Levensverwachting;Totaal;83,3;boven, 99% zeker;20,6;boven, 99% zeker
585;Binnenmaas;Levensverwachting;Mannen;82,0;boven, 99% zeker;19,2;boven, 99% zeker
585;Binnenmaas;Levensverwachting;Vrouwen;84,4;boven, 99% zeker;22,0;boven, 99% zeker
1728;Bladel;Levensverwachting;Totaal;81,8;geen;19,2;onder, 99% zeker
1728;Bladel;Levensverwachting;Mannen;80,0;geen;18,3;geen
1728;Bladel;Levensverwachting;Vrouwen;83,6;geen;20,2;onder, 99% zeker
376;Blaricum;Levensverwachting;Totaal;82,8;boven, 95% zeker;21,5;boven, 99% zeker
376;Blaricum;Levensverwachting;Mannen;81,1;geen;20,1;boven, 99% zeker
376;Blaricum;Levensverwachting;Vrouwen;84,5;boven, 95% zeker;22,9;boven, 99% zeker
377;Bloemendaal;Levensverwachting;Totaal;82,8;boven, 99% zeker;20,7;boven, 99% zeker
377;Bloemendaal;Levensverwachting;Mannen;80,4;geen;19,5;boven, 99% zeker
377;Bloemendaal;Levensverwachting;Vrouwen;84,9;boven, 99% zeker;21,7;boven, 95% zeker
1901;Bodegraven-Reeuwijk;Levensverwachting;Totaal;83,5;boven, 99% zeker;21,4;boven, 99% zeker
1901;Bodegraven-Reeuwijk;Levensverwachting;Mannen;81,5;boven, 99% zeker;19,6;boven, 99% zeker
1901;Bodegraven-Reeuwijk;Levensverwachting;Vrouwen;85,4;boven, 99% zeker;23,0;boven, 99% zeker
755;Boekel;Levensverwachting;Totaal;80,0;onder, 99% zeker;19,1;onder, 99% zeker
755;Boekel;Levensverwachting;Mannen;77,9;onder, 99% zeker;17,7;onder, 95% zeker
755;Boekel;Levensverwachting;Vrouwen;82,3;geen;20,5;geen
1681;Borger-Odoorn;Levensverwachting;Totaal;81,5;geen;19,9;geen
1681;Borger-Odoorn;Levensverwachting;Mannen;80,0;geen;18,7;geen
1681;Borger-Odoorn;Levensverwachting;Vrouwen;82,9;geen;21,0;geen
147;Borne;Levensverwachting;Totaal;82,3;boven, 99% zeker;20,0;geen
147;Borne;Levensverwachting;Mannen;81,4;boven, 99% zeker;19,1;boven, 99% zeker
147;Borne;Levensverwachting;Vrouwen;83,2;geen;20,8;onder, 95% zeker
654;Borsele;Levensverwachting;Totaal;83,3;boven, 99% zeker;21,9;boven, 99% zeker
654;Borsele;Levensverwachting;Mannen;80,6;geen;20,2;boven, 99% zeker
654;Borsele;Levensverwachting;Vrouwen;86,0;boven, 99% zeker;23,3;boven, 99% zeker
756;Boxmeer;Levensverwachting;Totaal;82,9;boven, 99% zeker;20,7;boven, 99% zeker
756;Boxmeer;Levensverwachting;Mannen;81,8;boven, 99% zeker;19,6;boven, 99% zeker
756;Boxmeer;Levensverwachting;Vrouwen;84,0;boven, 95% zeker;21,8;boven, 95% zeker
757;Boxtel;Levensverwachting;Totaal;81,0;onder, 99% zeker;19,2;onder, 99% zeker
757;Boxtel;Levensverwachting;Mannen;79,8;geen;17,9;onder, 99% zeker
757;Boxtel;Levensverwachting;Vrouwen;82,0;onder, 99% zeker;20,4;onder, 99% zeker
758;Breda;Levensverwachting;Totaal;80,9;onder, 99% zeker;19,4;onder, 99% zeker
758;Breda;Levensverwachting;Mannen;79,1;onder, 99% zeker;18,0;onder, 99% zeker
758;Breda;Levensverwachting;Vrouwen;82,5;onder, 99% zeker;20,7;onder, 99% zeker
501;Brielle;Levensverwachting;Totaal;80,9;geen;19,5;onder, 95% zeker
501;Brielle;Levensverwachting;Mannen;80,1;geen;19,0;boven, 95% zeker
501;Brielle;Levensverwachting;Vrouwen;81,8;onder, 99% zeker;20,1;onder, 99% zeker
1876;Bronckhorst;Levensverwachting;Totaal;82,9;boven, 99% zeker;21,0;boven, 99% zeker
1876;Bronckhorst;Levensverwachting;Mannen;81,0;boven, 99% zeker;19,1;boven, 99% zeker
1876;Bronckhorst;Levensverwachting;Vrouwen;84,7;boven, 99% zeker;22,8;boven, 99% zeker
213;Brummen;Levensverwachting;Totaal;82,7;boven, 99% zeker;20,4;boven, 99% zeker
213;Brummen;Levensverwachting;Mannen;80,9;boven, 95% zeker;18,9;boven, 95% zeker
213;Brummen;Levensverwachting;Vrouwen;84,4;boven, 99% zeker;21,6;geen
899;Brunssum;Levensverwachting;Totaal;79,2;onder, 99% zeker;18,3;onder, 99% zeker
899;Brunssum;Levensverwachting;Mannen;77,5;onder, 99% zeker;16,6;onder, 99% zeker
899;Brunssum;Levensverwachting;Vrouwen;80,6;onder, 99% zeker;19,7;onder, 99% zeker
312;Bunnik;Levensverwachting;Totaal;86,3;boven, 99% zeker;23,5;boven, 99% zeker
312;Bunnik;Levensverwachting;Mannen;84,6;boven, 99% zeker;21,6;boven, 99% zeker
312;Bunnik;Levensverwachting;Vrouwen;87,7;boven, 99% zeker;25,0;boven, 99% zeker
313;Bunschoten;Levensverwachting;Totaal;81,8;geen;19,6;geen
313;Bunschoten;Levensverwachting;Mannen;79,9;geen;17,7;onder, 99% zeker
313;Bunschoten;Levensverwachting;Vrouwen;83,7;geen;21,5;geen
214;Buren;Levensverwachting;Totaal;81,1;geen;19,3;onder, 99% zeker
214;Buren;Levensverwachting;Mannen;79,4;geen;17,5;onder, 99% zeker
214;Buren;Levensverwachting;Vrouwen;82,9;geen;21,0;geen
502;Capelle aan den IJssel;Levensverwachting;Totaal;81,6;geen;19,9;geen
502;Capelle aan den IJssel;Levensverwachting;Mannen;79,8;geen;18,4;geen
502;Capelle aan den IJssel;Levensverwachting;Vrouwen;83,2;geen;21,2;geen
383;Castricum;Levensverwachting;Totaal;83,3;boven, 99% zeker;21,0;boven, 99% zeker
383;Castricum;Levensverwachting;Mannen;81,9;boven, 99% zeker;19,8;boven, 99% zeker
383;Castricum;Levensverwachting;Vrouwen;84,7;boven, 99% zeker;22,1;boven, 99% zeker
109;Coevorden;Levensverwachting;Totaal;80,8;onder, 99% zeker;19,2;onder, 99% zeker
109;Coevorden;Levensverwachting;Mannen;79,1;onder, 95% zeker;17,8;onder, 99% zeker
109;Coevorden;Levensverwachting;Vrouwen;82,3;onder, 99% zeker;20,5;onder, 99% zeker
1706;Cranendonck;Levensverwachting;Totaal;81,6;geen;20,1;geen
1706;Cranendonck;Levensverwachting;Mannen;79,6;geen;18,1;geen
1706;Cranendonck;Levensverwachting;Vrouwen;83,5;geen;22,1;boven, 99% zeker
611;Cromstrijen;Levensverwachting;Totaal;82,9;boven, 99% zeker;20,1;geen
611;Cromstrijen;Levensverwachting;Mannen;81,1;geen;18,7;geen
611;Cromstrijen;Levensverwachting;Vrouwen;84,5;boven, 99% zeker;21,2;geen
1684;Cuijk;Levensverwachting;Totaal;80,9;onder, 95% zeker;19,7;geen
1684;Cuijk;Levensverwachting;Mannen;78,2;onder, 99% zeker;17,7;onder, 99% zeker
1684;Cuijk;Levensverwachting;Vrouwen;83,6;geen;21,6;geen
216;Culemborg;Levensverwachting;Totaal;81,4;geen;19,5;onder, 99% zeker
216;Culemborg;Levensverwachting;Mannen;80,2;geen;18,4;geen
216;Culemborg;Levensverwachting;Vrouwen;82,6;geen;20,5;onder, 99% zeker
148;Dalfsen;Levensverwachting;Totaal;83,2;boven, 99% zeker;20,8;boven, 99% zeker
148;Dalfsen;Levensverwachting;Mannen;81,4;boven, 99% zeker;19,0;boven, 99% zeker
148;Dalfsen;Levensverwachting;Vrouwen;84,9;boven, 99% zeker;22,4;boven, 99% zeker
1891;Dantumadiel;Levensverwachting;Totaal;81,3;geen;19,1;onder, 99% zeker
1891;Dantumadiel;Levensverwachting;Mannen;79,9;geen;17,8;onder, 99% zeker
1891;Dantumadiel;Levensverwachting;Vrouwen;82,5;geen;20,2;onder, 99% zeker
310;De Bilt;Levensverwachting;Totaal;82,7;boven, 99% zeker;19,9;geen
310;De Bilt;Levensverwachting;Mannen;81,1;boven, 99% zeker;18,6;geen
310;De Bilt;Levensverwachting;Vrouwen;84,1;boven, 99% zeker;21,1;geen
1940;De Fryske Marren;Levensverwachting;Totaal;82,0;geen;20,5;boven, 99% zeker
1940;De Fryske Marren;Levensverwachting;Mannen;80,4;geen;19,0;boven, 99% zeker
1940;De Fryske Marren;Levensverwachting;Vrouwen;83,5;geen;21,8;boven, 99% zeker
1663;De Marne;Levensverwachting;Totaal;81,2;geen;20,1;geen
1663;De Marne;Levensverwachting;Mannen;79,3;geen;18,7;geen
1663;De Marne;Levensverwachting;Vrouwen;83,4;geen;21,6;geen
736;De Ronde Venen;Levensverwachting;Totaal;83,1;boven, 99% zeker;21,0;boven, 99% zeker
736;De Ronde Venen;Levensverwachting;Mannen;80,7;boven, 99% zeker;19,2;boven, 99% zeker
736;De Ronde Venen;Levensverwachting;Vrouwen;85,5;boven, 99% zeker;22,7;boven, 99% zeker
1690;De Wolden;Levensverwachting;Totaal;81,8;geen;20,4;boven, 95% zeker
1690;De Wolden;Levensverwachting;Mannen;80,1;geen;18,5;geen
1690;De Wolden;Levensverwachting;Vrouwen;83,6;geen;22,2;boven, 99% zeker
503;Delft;Levensverwachting;Totaal;81,7;geen;20,3;boven, 99% zeker
503;Delft;Levensverwachting;Mannen;80,1;geen;18,8;boven, 95% zeker
503;Delft;Levensverwachting;Vrouwen;83,3;geen;21,6;boven, 95% zeker
10;Delfzijl;Levensverwachting;Totaal;79,7;onder, 99% zeker;18,4;onder, 99% zeker
10;Delfzijl;Levensverwachting;Mannen;77,8;onder, 99% zeker;17,3;onder, 99% zeker
10;Delfzijl;Levensverwachting;Vrouwen;81,5;onder, 99% zeker;19,4;onder, 99% zeker
400;Den Helder;Levensverwachting;Totaal;80,4;onder, 99% zeker;19,8;geen
400;Den Helder;Levensverwachting;Mannen;78,8;onder, 99% zeker;18,6;geen
400;Den Helder;Levensverwachting;Vrouwen;81,9;onder, 99% zeker;20,9;onder, 95% zeker
762;Deurne;Levensverwachting;Totaal;80,4;onder, 99% zeker;19,8;geen
762;Deurne;Levensverwachting;Mannen;78,1;onder, 99% zeker;17,8;onder, 99% zeker
762;Deurne;Levensverwachting;Vrouwen;82,9;geen;21,8;boven, 99% zeker
150;Deventer;Levensverwachting;Totaal;81,4;geen;19,9;geen
150;Deventer;Levensverwachting;Mannen;79,9;geen;18,6;geen
150;Deventer;Levensverwachting;Vrouwen;82,8;onder, 95% zeker;21,0;onder, 95% zeker
384;Diemen;Levensverwachting;Totaal;82,7;boven, 99% zeker;20,4;boven, 95% zeker
384;Diemen;Levensverwachting;Mannen;81,5;boven, 99% zeker;19,3;boven, 99% zeker
384;Diemen;Levensverwachting;Vrouwen;83,7;geen;21,4;geen
1774;Dinkelland;Levensverwachting;Totaal;82,3;boven, 99% zeker;20,2;geen
1774;Dinkelland;Levensverwachting;Mannen;80,1;geen;18,4;geen
1774;Dinkelland;Levensverwachting;Vrouwen;84,3;boven, 99% zeker;21,7;geen
221;Doesburg;Levensverwachting;Totaal;80,8;geen;19,8;geen
221;Doesburg;Levensverwachting;Mannen;79,4;geen;18,3;geen
221;Doesburg;Levensverwachting;Vrouwen;82,3;geen;21,1;geen
222;Doetinchem;Levensverwachting;Totaal;81,5;geen;20,0;geen
222;Doetinchem;Levensverwachting;Mannen;79,8;geen;18,7;geen
222;Doetinchem;Levensverwachting;Vrouwen;83,1;geen;21,0;geen
766;Dongen;Levensverwachting;Totaal;81,6;geen;19,7;geen
766;Dongen;Levensverwachting;Mannen;79,7;geen;18,0;onder, 95% zeker
766;Dongen;Levensverwachting;Vrouwen;83,3;geen;21,2;geen
58;Dongeradeel;Levensverwachting;Totaal;81,3;geen;20,0;geen
58;Dongeradeel;Levensverwachting;Mannen;79,1;geen;18,3;geen
58;Dongeradeel;Levensverwachting;Vrouwen;83,5;geen;21,6;geen
505;Dordrecht;Levensverwachting;Totaal;81,2;onder, 99% zeker;19,6;onder, 99% zeker
505;Dordrecht;Levensverwachting;Mannen;79,6;geen;18,4;geen
505;Dordrecht;Levensverwachting;Vrouwen;82,6;onder, 99% zeker;20,7;onder, 99% zeker
498;Drechterland;Levensverwachting;Totaal;81,7;geen;19,9;geen
498;Drechterland;Levensverwachting;Mannen;80,4;geen;19,0;boven, 95% zeker
498;Drechterland;Levensverwachting;Vrouwen;83,0;geen;20,7;onder, 95% zeker
1719;Drimmelen;Levensverwachting;Totaal;81,3;geen;19,6;onder, 95% zeker
1719;Drimmelen;Levensverwachting;Mannen;80,1;geen;18,3;geen
1719;Drimmelen;Levensverwachting;Vrouwen;82,5;onder, 95% zeker;20,9;geen
303;Dronten;Levensverwachting;Totaal;83,7;boven, 99% zeker;21,8;boven, 99% zeker
303;Dronten;Levensverwachting;Mannen;81,7;boven, 99% zeker;20,3;boven, 99% zeker
303;Dronten;Levensverwachting;Vrouwen;85,8;boven, 99% zeker;23,3;boven, 99% zeker
225;Druten;Levensverwachting;Totaal;82,5;boven, 99% zeker;20,6;boven, 99% zeker
225;Druten;Levensverwachting;Mannen;81,5;boven, 99% zeker;19,2;boven, 95% zeker
225;Druten;Levensverwachting;Vrouwen;83,2;geen;21,7;geen
226;Duiven;Levensverwachting;Totaal;82,7;boven, 99% zeker;20,6;boven, 99% zeker
226;Duiven;Levensverwachting;Mannen;81,2;boven, 99% zeker;19,6;boven, 99% zeker
226;Duiven;Levensverwachting;Vrouwen;84,0;boven, 95% zeker;21,4;geen
1711;Echt-Susteren;Levensverwachting;Totaal;80,3;onder, 99% zeker;19,3;onder, 99% zeker
1711;Echt-Susteren;Levensverwachting;Mannen;78,3;onder, 99% zeker;17,8;onder, 99% zeker
1711;Echt-Susteren;Levensverwachting;Vrouwen;82,3;onder, 99% zeker;20,4;onder, 99% zeker
385;Edam-Volendam;Levensverwachting;Totaal;82,3;boven, 99% zeker;20,1;geen
385;Edam-Volendam;Levensverwachting;Mannen;80,9;boven, 99% zeker;19,0;boven, 99% zeker
385;Edam-Volendam;Levensverwachting;Vrouwen;83,8;geen;21,3;geen
228;Ede;Levensverwachting;Totaal;82,4;boven, 99% zeker;20,7;boven, 99% zeker
228;Ede;Levensverwachting;Mannen;80,5;boven, 99% zeker;19,2;boven, 99% zeker
228;Ede;Levensverwachting;Vrouwen;84,2;boven, 99% zeker;22,1;boven, 99% zeker
317;Eemnes;Levensverwachting;Totaal;85,9;boven, 99% zeker;23,8;boven, 99% zeker
317;Eemnes;Levensverwachting;Mannen;84,3;boven, 99% zeker;22,0;boven, 99% zeker
317;Eemnes;Levensverwachting;Vrouwen;87,6;boven, 99% zeker;25,5;boven, 99% zeker
1651;Eemsmond;Levensverwachting;Totaal;81,3;geen;20,9;boven, 99% zeker
1651;Eemsmond;Levensverwachting;Mannen;79,6;geen;19,5;boven, 99% zeker
1651;Eemsmond;Levensverwachting;Vrouwen;82,9;geen;22,3;boven, 99% zeker
770;Eersel;Levensverwachting;Totaal;81,1;geen;19,8;geen
770;Eersel;Levensverwachting;Mannen;79,0;geen;18,3;geen
770;Eersel;Levensverwachting;Vrouwen;83,3;geen;21,2;geen
1903;Eijsden-Margraten;Levensverwachting;Totaal;82,3;boven, 99% zeker;20,5;boven, 99% zeker
1903;Eijsden-Margraten;Levensverwachting;Mannen;81,1;boven, 99% zeker;19,6;boven, 99% zeker
1903;Eijsden-Margraten;Levensverwachting;Vrouwen;83,5;geen;21,3;geen
772;Eindhoven;Levensverwachting;Totaal;81,0;onder, 99% zeker;19,6;onder, 99% zeker
772;Eindhoven;Levensverwachting;Mannen;79,0;onder, 99% zeker;18,1;onder, 99% zeker
772;Eindhoven;Levensverwachting;Vrouwen;82,9;onder, 95% zeker;20,9;onder, 99% zeker
230;Elburg;Levensverwachting;Totaal;82,0;geen;20,3;boven, 95% zeker
230;Elburg;Levensverwachting;Mannen;79,4;geen;18,4;geen
230;Elburg;Levensverwachting;Vrouwen;84,5;boven, 99% zeker;22,0;boven, 99% zeker
114;Emmen;Levensverwachting;Totaal;80,4;onder, 99% zeker;19,4;onder, 99% zeker
114;Emmen;Levensverwachting;Mannen;78,7;onder, 99% zeker;18,0;onder, 99% zeker
114;Emmen;Levensverwachting;Vrouwen;82,0;onder, 99% zeker;20,5;onder, 99% zeker
388;Enkhuizen;Levensverwachting;Totaal;80,5;onder, 99% zeker;19,3;onder, 99% zeker
388;Enkhuizen;Levensverwachting;Mannen;78,7;onder, 95% zeker;18,1;geen
388;Enkhuizen;Levensverwachting;Vrouwen;82,4;geen;20,6;onder, 99% zeker
153;Enschede;Levensverwachting;Totaal;80,0;onder, 99% zeker;18,8;onder, 99% zeker
153;Enschede;Levensverwachting;Mannen;78,5;onder, 99% zeker;17,4;onder, 99% zeker
153;Enschede;Levensverwachting;Vrouwen;81,5;onder, 99% zeker;20,0;onder, 99% zeker
232;Epe;Levensverwachting;Totaal;82,5;boven, 99% zeker;20,8;boven, 99% zeker
232;Epe;Levensverwachting;Mannen;80,5;geen;19,1;boven, 99% zeker
232;Epe;Levensverwachting;Vrouwen;84,5;boven, 99% zeker;22,4;boven, 99% zeker
233;Ermelo;Levensverwachting;Totaal;81,6;geen;20,0;geen
233;Ermelo;Levensverwachting;Mannen;79,5;geen;18,7;geen
233;Ermelo;Levensverwachting;Vrouwen;83,6;geen;21,3;geen
777;Etten-Leur;Levensverwachting;Totaal;81,4;geen;19,5;onder, 99% zeker
777;Etten-Leur;Levensverwachting;Mannen;80,2;geen;18,5;geen
777;Etten-Leur;Levensverwachting;Vrouwen;82,5;onder, 99% zeker;20,3;onder, 99% zeker
1722;Ferwerderadiel;Levensverwachting;Totaal;81,9;geen;20,2;geen
1722;Ferwerderadiel;Levensverwachting;Mannen;80,5;geen;18,2;geen
1722;Ferwerderadiel;Levensverwachting;Vrouwen;83,2;geen;22,1;boven, 95% zeker
70;Franekeradeel;Levensverwachting;Totaal;81,4;geen;20,3;geen
70;Franekeradeel;Levensverwachting;Mannen;79,9;geen;18,8;geen
70;Franekeradeel;Levensverwachting;Vrouwen;83,0;geen;21,6;geen
779;Geertruidenberg;Levensverwachting;Totaal;79,5;onder, 99% zeker;18,4;onder, 99% zeker
779;Geertruidenberg;Levensverwachting;Mannen;77,8;onder, 99% zeker;17,0;onder, 99% zeker
779;Geertruidenberg;Levensverwachting;Vrouwen;81,2;onder, 99% zeker;19,7;onder, 99% zeker
236;Geldermalsen;Levensverwachting;Totaal;82,2;boven, 95% zeker;20,7;boven, 99% zeker
236;Geldermalsen;Levensverwachting;Mannen;79,7;geen;18,7;geen
236;Geldermalsen;Levensverwachting;Vrouwen;84,6;boven, 99% zeker;22,3;boven, 99% zeker
1771;Geldrop-Mierlo;Levensverwachting;Totaal;81,6;geen;20,0;geen
1771;Geldrop-Mierlo;Levensverwachting;Mannen;80,3;geen;18,7;geen
1771;Geldrop-Mierlo;Levensverwachting;Vrouwen;82,9;geen;21,2;geen
1652;Gemert-Bakel;Levensverwachting;Totaal;81,3;geen;19,8;geen
1652;Gemert-Bakel;Levensverwachting;Mannen;79,4;geen;18,0;onder, 95% zeker
1652;Gemert-Bakel;Levensverwachting;Vrouwen;83,2;geen;21,4;geen
907;Gennep;Levensverwachting;Totaal;79,8;onder, 99% zeker;19,6;onder, 95% zeker
907;Gennep;Levensverwachting;Mannen;78,2;onder, 99% zeker;17,9;onder, 95% zeker
907;Gennep;Levensverwachting;Vrouwen;81,5;onder, 99% zeker;21,3;geen
689;Giessenlanden;Levensverwachting;Totaal;83,9;boven, 99% zeker;21,9;boven, 99% zeker
689;Giessenlanden;Levensverwachting;Mannen;82,4;boven, 99% zeker;20,3;boven, 99% zeker
689;Giessenlanden;Levensverwachting;Vrouwen;85,6;boven, 99% zeker;23,6;boven, 99% zeker
784;Gilze en Rijen;Levensverwachting;Totaal;81,6;geen;19,8;geen
784;Gilze en Rijen;Levensverwachting;Mannen;79,5;geen;18,3;geen
784;Gilze en Rijen;Levensverwachting;Vrouwen;83,8;geen;21,2;geen
1924;Goeree-Overflakkee;Levensverwachting;Totaal;82,3;boven, 99% zeker;20,4;boven, 99% zeker
1924;Goeree-Overflakkee;Levensverwachting;Mannen;80,4;boven, 95% zeker;18,8;boven, 95% zeker
1924;Goeree-Overflakkee;Levensverwachting;Vrouwen;84,2;boven, 99% zeker;22,0;boven, 99% zeker
664;Goes;Levensverwachting;Totaal;82,5;boven, 99% zeker;20,5;boven, 99% zeker
664;Goes;Levensverwachting;Mannen;80,9;boven, 99% zeker;19,2;boven, 99% zeker
664;Goes;Levensverwachting;Vrouwen;84,0;boven, 99% zeker;21,7;boven, 99% zeker
785;Goirle;Levensverwachting;Totaal;82,2;boven, 95% zeker;20,1;geen
785;Goirle;Levensverwachting;Mannen;80,1;geen;18,3;geen
785;Goirle;Levensverwachting;Vrouwen;84,1;boven, 95% zeker;21,7;geen
1942;Gooise Meren;Levensverwachting;Totaal;82,8;boven, 99% zeker;20,7;boven, 99% zeker
1942;Gooise Meren;Levensverwachting;Mannen;81,2;boven, 99% zeker;19,5;boven, 99% zeker
1942;Gooise Meren;Levensverwachting;Vrouwen;84,1;boven, 99% zeker;21,7;boven, 99% zeker
512;Gorinchem;Levensverwachting;Totaal;80,9;onder, 99% zeker;19,8;geen
512;Gorinchem;Levensverwachting;Mannen;79,1;onder, 95% zeker;18,1;geen
512;Gorinchem;Levensverwachting;Vrouwen;82,4;onder, 95% zeker;21,1;geen
513;Gouda;Levensverwachting;Totaal;81,6;geen;19,7;onder, 95% zeker
513;Gouda;Levensverwachting;Mannen;79,7;geen;18,4;geen
513;Gouda;Levensverwachting;Vrouwen;83,4;geen;20,9;onder, 99% zeker
786;Grave;Levensverwachting;Totaal;80,9;onder, 95% zeker;19,2;onder, 99% zeker
786;Grave;Levensverwachting;Mannen;79,4;geen;17,8;onder, 99% zeker
786;Grave;Levensverwachting;Vrouwen;82,4;geen;20,7;geen
14;Groningen;Levensverwachting;Totaal;80,6;onder, 99% zeker;19,2;onder, 99% zeker
14;Groningen;Levensverwachting;Mannen;78,7;onder, 99% zeker;17,7;onder, 99% zeker
14;Groningen;Levensverwachting;Vrouwen;82,3;onder, 99% zeker;20,4;onder, 99% zeker
15;Grootegast;Levensverwachting;Totaal;81,7;geen;20,3;geen
15;Grootegast;Levensverwachting;Mannen;79,5;geen;18,1;geen
15;Grootegast;Levensverwachting;Vrouwen;83,9;geen;22,4;boven, 99% zeker
1729;Gulpen-Wittem;Levensverwachting;Totaal;81,6;geen;20,1;geen
1729;Gulpen-Wittem;Levensverwachting;Mannen;79,9;geen;19,1;boven, 99% zeker
1729;Gulpen-Wittem;Levensverwachting;Vrouwen;83,3;geen;21,1;geen
158;Haaksbergen;Levensverwachting;Totaal;81,0;onder, 95% zeker;19,6;onder, 99% zeker
158;Haaksbergen;Levensverwachting;Mannen;78,8;onder, 99% zeker;17,9;onder, 99% zeker
158;Haaksbergen;Levensverwachting;Vrouwen;83,2;geen;21,1;geen
788;Haaren;Levensverwachting;Totaal;82,6;boven, 99% zeker;22,2;boven, 99% zeker
788;Haaren;Levensverwachting;Mannen;79,4;geen;19,5;boven, 99% zeker
788;Haaren;Levensverwachting;Vrouwen;86,5;boven, 99% zeker;25,3;boven, 99% zeker
392;Haarlem;Levensverwachting;Totaal;80,6;onder, 99% zeker;19,0;onder, 99% zeker
392;Haarlem;Levensverwachting;Mannen;78,8;onder, 99% zeker;17,5;onder, 99% zeker
392;Haarlem;Levensverwachting;Vrouwen;82,3;onder, 99% zeker;20,2;onder, 99% zeker
393;Haarlemmerliede en Spaarnwoude;Levensverwachting;Totaal;85,5;boven, 99% zeker;22,7;boven, 99% zeker
393;Haarlemmerliede en Spaarnwoude;Levensverwachting;Mannen;82,3;boven, 99% zeker;19,7;boven, 95% zeker
393;Haarlemmerliede en Spaarnwoude;Levensverwachting;Vrouwen;88,9;boven, 99% zeker;25,8;boven, 99% zeker
394;Haarlemmermeer;Levensverwachting;Totaal;82,7;boven, 99% zeker;20,4;boven, 99% zeker
394;Haarlemmermeer;Levensverwachting;Mannen;81,1;boven, 99% zeker;19,1;boven, 99% zeker
394;Haarlemmermeer;Levensverwachting;Vrouwen;84,1;boven, 99% zeker;21,6;boven, 99% zeker
1655;Halderberge;Levensverwachting;Totaal;82,1;boven, 95% zeker;20,2;geen
1655;Halderberge;Levensverwachting;Mannen;80,6;geen;19,0;boven, 99% zeker
1655;Halderberge;Levensverwachting;Vrouwen;83,5;geen;21,2;geen
160;Hardenberg;Levensverwachting;Totaal;81,4;geen;19,7;onder, 95% zeker
160;Hardenberg;Levensverwachting;Mannen;79,4;onder, 95% zeker;18,0;onder, 99% zeker
160;Hardenberg;Levensverwachting;Vrouwen;83,4;geen;21,4;geen
243;Harderwijk;Levensverwachting;Totaal;81,8;geen;20,0;geen
243;Harderwijk;Levensverwachting;Mannen;79,6;geen;18,3;geen
243;Harderwijk;Levensverwachting;Vrouwen;83,8;boven, 95% zeker;21,5;geen
523;Hardinxveld-Giessendam;Levensverwachting;Totaal;82,7;boven, 99% zeker;19,9;geen
523;Hardinxveld-Giessendam;Levensverwachting;Mannen;81,8;boven, 99% zeker;19,0;boven, 95% zeker
523;Hardinxveld-Giessendam;Levensverwachting;Vrouwen;83,6;geen;20,7;onder, 95% zeker
17;Haren;Levensverwachting;Totaal;81,7;geen;20,2;geen
17;Haren;Levensverwachting;Mannen;80,5;geen;19,7;boven, 99% zeker
17;Haren;Levensverwachting;Vrouwen;82,8;geen;20,5;onder, 99% zeker
72;Harlingen;Levensverwachting;Totaal;79,6;onder, 99% zeker;18,9;onder, 99% zeker
72;Harlingen;Levensverwachting;Mannen;77,9;onder, 99% zeker;17,6;onder, 99% zeker
72;Harlingen;Levensverwachting;Vrouwen;81,4;onder, 99% zeker;20,3;onder, 99% zeker
244;Hattem;Levensverwachting;Totaal;82,9;boven, 99% zeker;20,6;boven, 99% zeker
244;Hattem;Levensverwachting;Mannen;80,5;geen;18,6;geen
244;Hattem;Levensverwachting;Vrouwen;85,2;boven, 99% zeker;22,4;boven, 99% zeker
396;Heemskerk;Levensverwachting;Totaal;81,6;geen;19,5;onder, 99% zeker
396;Heemskerk;Levensverwachting;Mannen;79,8;geen;18,1;onder, 95% zeker
396;Heemskerk;Levensverwachting;Vrouwen;83,2;geen;20,9;onder, 95% zeker
397;Heemstede;Levensverwachting;Totaal;82,5;boven, 99% zeker;20,9;boven, 99% zeker
397;Heemstede;Levensverwachting;Mannen;80,8;boven, 99% zeker;19,4;boven, 99% zeker
397;Heemstede;Levensverwachting;Vrouwen;83,9;geen;22,1;boven, 99% zeker
246;Heerde;Levensverwachting;Totaal;81,6;geen;19,5;onder, 95% zeker
246;Heerde;Levensverwachting;Mannen;80,0;geen;18,0;onder, 95% zeker
246;Heerde;Levensverwachting;Vrouwen;83,1;geen;20,9;geen
74;Heerenveen;Levensverwachting;Totaal;81,7;geen;19,8;geen
74;Heerenveen;Levensverwachting;Mannen;79,6;geen;18,1;onder, 99% zeker
74;Heerenveen;Levensverwachting;Vrouwen;83,6;geen;21,3;geen
398;Heerhugowaard;Levensverwachting;Totaal;82,1;boven, 99% zeker;20,0;geen
398;Heerhugowaard;Levensverwachting;Mannen;81,0;boven, 99% zeker;19,1;boven, 99% zeker
398;Heerhugowaard;Levensverwachting;Vrouwen;83,1;geen;21,0;geen
917;Heerlen;Levensverwachting;Totaal;79,5;onder, 99% zeker;19,2;onder, 99% zeker
917;Heerlen;Levensverwachting;Mannen;77,6;onder, 99% zeker;17,6;onder, 99% zeker
917;Heerlen;Levensverwachting;Vrouwen;81,3;onder, 99% zeker;20,6;onder, 99% zeker
1658;Heeze-Leende;Levensverwachting;Totaal;81,6;geen;20,1;geen
1658;Heeze-Leende;Levensverwachting;Mannen;80,6;geen;18,8;geen
1658;Heeze-Leende;Levensverwachting;Vrouwen;82,5;geen;21,3;geen
399;Heiloo;Levensverwachting;Totaal;84,2;boven, 99% zeker;22,4;boven, 99% zeker
399;Heiloo;Levensverwachting;Mannen;82,2;boven, 99% zeker;20,6;boven, 99% zeker
399;Heiloo;Levensverwachting;Vrouwen;86,1;boven, 99% zeker;24,0;boven, 99% zeker
163;Hellendoorn;Levensverwachting;Totaal;81,0;onder, 95% zeker;19,5;onder, 99% zeker
163;Hellendoorn;Levensverwachting;Mannen;79,1;geen;17,8;onder, 99% zeker
163;Hellendoorn;Levensverwachting;Vrouwen;82,7;geen;20,9;geen
530;Hellevoetsluis;Levensverwachting;Totaal;82,4;boven, 99% zeker;20,4;boven, 99% zeker
530;Hellevoetsluis;Levensverwachting;Mannen;80,9;boven, 99% zeker;19,0;boven, 99% zeker
530;Hellevoetsluis;Levensverwachting;Vrouwen;83,8;geen;21,6;geen
794;Helmond;Levensverwachting;Totaal;80,6;onder, 99% zeker;19,2;onder, 99% zeker
794;Helmond;Levensverwachting;Mannen;79,0;onder, 99% zeker;18,1;onder, 99% zeker
794;Helmond;Levensverwachting;Vrouwen;82,1;onder, 99% zeker;20,2;onder, 99% zeker
531;Hendrik-Ido-Ambacht;Levensverwachting;Totaal;83,8;boven, 99% zeker;21,6;boven, 99% zeker
531;Hendrik-Ido-Ambacht;Levensverwachting;Mannen;82,6;boven, 99% zeker;20,5;boven, 99% zeker
531;Hendrik-Ido-Ambacht;Levensverwachting;Vrouwen;84,8;boven, 99% zeker;22,5;boven, 99% zeker
164;Hengelo;Levensverwachting;Totaal;81,8;geen;20,2;boven, 95% zeker
164;Hengelo;Levensverwachting;Mannen;80,0;geen;18,7;boven, 95% zeker
164;Hengelo;Levensverwachting;Vrouwen;83,6;geen;21,5;geen
63;het Bildt;Levensverwachting;Totaal;81,9;geen;19,9;geen
63;het Bildt;Levensverwachting;Mannen;80,7;geen;18,6;geen
63;het Bildt;Levensverwachting;Vrouwen;83,2;geen;21,3;geen
252;Heumen;Levensverwachting;Totaal;83,6;boven, 99% zeker;21,2;boven, 99% zeker
252;Heumen;Levensverwachting;Mannen;81,4;boven, 99% zeker;19,0;boven, 95% zeker
252;Heumen;Levensverwachting;Vrouwen;85,8;boven, 99% zeker;23,2;boven, 99% zeker
797;Heusden;Levensverwachting;Totaal;83,2;boven, 99% zeker;21,0;boven, 99% zeker
797;Heusden;Levensverwachting;Mannen;81,3;boven, 99% zeker;19,1;boven, 99% zeker
797;Heusden;Levensverwachting;Vrouwen;85,1;boven, 99% zeker;22,9;boven, 99% zeker
534;Hillegom;Levensverwachting;Totaal;81,2;geen;19,9;geen
534;Hillegom;Levensverwachting;Mannen;79,2;geen;18,0;geen
534;Hillegom;Levensverwachting;Vrouwen;83,2;geen;21,6;geen
798;Hilvarenbeek;Levensverwachting;Totaal;82,7;boven, 99% zeker;21,1;boven, 99% zeker
798;Hilvarenbeek;Levensverwachting;Mannen;80,0;geen;19,2;boven, 99% zeker
798;Hilvarenbeek;Levensverwachting;Vrouwen;85,4;boven, 99% zeker;22,8;boven, 99% zeker
402;Hilversum;Levensverwachting;Totaal;81,1;onder, 99% zeker;19,6;onder, 99% zeker
402;Hilversum;Levensverwachting;Mannen;79,3;onder, 99% zeker;18,1;onder, 99% zeker
402;Hilversum;Levensverwachting;Vrouwen;82,9;geen;20,8;onder, 99% zeker
1735;Hof van Twente;Levensverwachting;Totaal;81,4;geen;19,6;onder, 99% zeker
1735;Hof van Twente;Levensverwachting;Mannen;79,6;geen;18,3;geen
1735;Hof van Twente;Levensverwachting;Vrouwen;83,0;geen;20,6;onder, 99% zeker
1911;Hollands Kroon;Levensverwachting;Totaal;82,8;boven, 99% zeker;20,8;boven, 99% zeker
1911;Hollands Kroon;Levensverwachting;Mannen;81,5;boven, 99% zeker;19,7;boven, 99% zeker
1911;Hollands Kroon;Levensverwachting;Vrouwen;84,2;boven, 99% zeker;21,9;boven, 99% zeker
118;Hoogeveen;Levensverwachting;Totaal;81,6;geen;20,3;boven, 99% zeker
118;Hoogeveen;Levensverwachting;Mannen;79,5;geen;18,6;geen
118;Hoogeveen;Levensverwachting;Vrouwen;83,5;geen;21,7;boven, 99% zeker
18;Hoogezand-Sappemeer;Levensverwachting;Totaal;79,9;onder, 99% zeker;19,2;onder, 99% zeker
18;Hoogezand-Sappemeer;Levensverwachting;Mannen;77,8;onder, 99% zeker;17,7;onder, 99% zeker
18;Hoogezand-Sappemeer;Levensverwachting;Vrouwen;82,0;onder, 99% zeker;20,6;onder, 99% zeker
405;Hoorn;Levensverwachting;Totaal;80,7;onder, 99% zeker;19,1;onder, 99% zeker
405;Hoorn;Levensverwachting;Mannen;79,3;onder, 99% zeker;18,1;onder, 95% zeker
405;Hoorn;Levensverwachting;Vrouwen;82,0;onder, 99% zeker;20,0;onder, 99% zeker
1507;Horst aan de Maas;Levensverwachting;Totaal;82,1;boven, 99% zeker;20,3;boven, 99% zeker
1507;Horst aan de Maas;Levensverwachting;Mannen;80,1;geen;18,8;boven, 95% zeker
1507;Horst aan de Maas;Levensverwachting;Vrouwen;84,2;boven, 99% zeker;21,6;boven, 95% zeker
321;Houten;Levensverwachting;Totaal;82,6;boven, 99% zeker;20,4;boven, 99% zeker
321;Houten;Levensverwachting;Mannen;81,7;boven, 99% zeker;19,5;boven, 99% zeker
321;Houten;Levensverwachting;Vrouwen;83,3;geen;21,2;geen
406;Huizen;Levensverwachting;Totaal;81,9;geen;19,8;geen
406;Huizen;Levensverwachting;Mannen;80,2;geen;18,3;geen
406;Huizen;Levensverwachting;Vrouwen;83,4;geen;21,1;geen
677;Hulst;Levensverwachting;Totaal;81,9;geen;20,6;boven, 99% zeker
677;Hulst;Levensverwachting;Mannen;79,8;geen;18,8;geen
677;Hulst;Levensverwachting;Vrouwen;84,0;geen;22,4;boven, 99% zeker
353;IJsselstein;Levensverwachting;Totaal;82,8;boven, 99% zeker;20,7;boven, 99% zeker
353;IJsselstein;Levensverwachting;Mannen;81,4;boven, 99% zeker;19,4;boven, 99% zeker
353;IJsselstein;Levensverwachting;Vrouwen;84,0;boven, 95% zeker;21,7;boven, 95% zeker
1884;Kaag en Braassem;Levensverwachting;Totaal;82,5;boven, 99% zeker;20,4;boven, 99% zeker
1884;Kaag en Braassem;Levensverwachting;Mannen;81,6;boven, 99% zeker;19,3;boven, 99% zeker
1884;Kaag en Braassem;Levensverwachting;Vrouwen;83,3;geen;21,6;geen
166;Kampen;Levensverwachting;Totaal;82,2;boven, 99% zeker;20,4;boven, 99% zeker
166;Kampen;Levensverwachting;Mannen;80,5;boven, 99% zeker;18,7;geen
166;Kampen;Levensverwachting;Vrouwen;83,8;geen;21,8;boven, 99% zeker
678;Kapelle;Levensverwachting;Totaal;83,8;boven, 99% zeker;21,4;boven, 99% zeker
678;Kapelle;Levensverwachting;Mannen;82,3;boven, 99% zeker;20,0;boven, 99% zeker
678;Kapelle;Levensverwachting;Vrouwen;85,2;boven, 99% zeker;22,6;boven, 99% zeker
537;Katwijk;Levensverwachting;Totaal;80,7;onder, 99% zeker;19,0;onder, 99% zeker
537;Katwijk;Levensverwachting;Mannen;79,7;geen;17,9;onder, 99% zeker
537;Katwijk;Levensverwachting;Vrouwen;81,6;onder, 99% zeker;20,1;onder, 99% zeker
928;Kerkrade;Levensverwachting;Totaal;78,5;onder, 99% zeker;18,1;onder, 99% zeker
928;Kerkrade;Levensverwachting;Mannen;76,3;onder, 99% zeker;16,5;onder, 99% zeker
928;Kerkrade;Levensverwachting;Vrouwen;80,7;onder, 99% zeker;19,6;onder, 99% zeker
1598;Koggenland;Levensverwachting;Totaal;81,7;geen;19,8;geen
1598;Koggenland;Levensverwachting;Mannen;80,2;geen;19,0;boven, 95% zeker
1598;Koggenland;Levensverwachting;Vrouwen;83,2;geen;20,5;onder, 99% zeker
79;Kollumerland en Nieuwkruisland;Levensverwachting;Totaal;79,6;onder, 99% zeker;19,3;onder, 99% zeker
79;Kollumerland en Nieuwkruisland;Levensverwachting;Mannen;77,3;onder, 99% zeker;17,3;onder, 99% zeker
79;Kollumerland en Nieuwkruisland;Levensverwachting;Vrouwen;82,2;geen;21,5;geen
588;Korendijk;Levensverwachting;Totaal;82,1;geen;20,2;geen
588;Korendijk;Levensverwachting;Mannen;80,9;boven, 95% zeker;19,2;boven, 95% zeker
588;Korendijk;Levensverwachting;Vrouwen;83,2;geen;20,9;geen
542;Krimpen aan den IJssel;Levensverwachting;Totaal;83,2;boven, 99% zeker;21,1;boven, 99% zeker
542;Krimpen aan den IJssel;Levensverwachting;Mannen;80,9;boven, 99% zeker;19,1;boven, 99% zeker
542;Krimpen aan den IJssel;Levensverwachting;Vrouwen;85,4;boven, 99% zeker;23,0;boven, 99% zeker
1931;Krimpenerwaard;Levensverwachting;Totaal;82,6;boven, 99% zeker;20,5;boven, 99% zeker
1931;Krimpenerwaard;Levensverwachting;Mannen;80,8;boven, 99% zeker;18,8;boven, 95% zeker
1931;Krimpenerwaard;Levensverwachting;Vrouwen;84,5;boven, 99% zeker;22,1;boven, 99% zeker
1659;Laarbeek;Levensverwachting;Totaal;81,7;geen;19,6;geen
1659;Laarbeek;Levensverwachting;Mannen;80,1;geen;18,5;geen
1659;Laarbeek;Levensverwachting;Vrouwen;83,3;geen;20,7;onder, 99% zeker
1685;Landerd;Levensverwachting;Totaal;81,5;geen;19,4;onder, 99% zeker
1685;Landerd;Levensverwachting;Mannen;80,3;geen;18,4;geen
1685;Landerd;Levensverwachting;Vrouwen;82,8;geen;20,3;onder, 99% zeker
882;Landgraaf;Levensverwachting;Totaal;81,6;geen;20,3;boven, 99% zeker
882;Landgraaf;Levensverwachting;Mannen;80,0;geen;18,6;geen
882;Landgraaf;Levensverwachting;Vrouwen;83,0;geen;21,8;boven, 99% zeker
415;Landsmeer;Levensverwachting;Totaal;84,8;boven, 99% zeker;21,9;boven, 99% zeker
415;Landsmeer;Levensverwachting;Mannen;83,4;boven, 99% zeker;20,6;boven, 99% zeker
415;Landsmeer;Levensverwachting;Vrouwen;86,1;boven, 99% zeker;23,1;boven, 99% zeker
416;Langedijk;Levensverwachting;Totaal;83,7;boven, 99% zeker;21,4;boven, 99% zeker
416;Langedijk;Levensverwachting;Mannen;82,5;boven, 99% zeker;19,6;boven, 99% zeker
416;Langedijk;Levensverwachting;Vrouwen;84,8;boven, 99% zeker;23,0;boven, 99% zeker
1621;Lansingerland;Levensverwachting;Totaal;83,6;boven, 99% zeker;21,1;boven, 99% zeker
1621;Lansingerland;Levensverwachting;Mannen;81,9;boven, 99% zeker;19,9;boven, 99% zeker
1621;Lansingerland;Levensverwachting;Vrouwen;85,2;boven, 99% zeker;22,4;boven, 99% zeker
417;Laren;Levensverwachting;Totaal;79,8;onder, 99% zeker;18,0;onder, 99% zeker
417;Laren;Levensverwachting;Mannen;78,3;geen;17,0;onder, 99% zeker
417;Laren;Levensverwachting;Vrouwen;81,3;onder, 99% zeker;18,8;onder, 99% zeker
22;Leek;Levensverwachting;Totaal;82,7;boven, 99% zeker;21,2;boven, 99% zeker
22;Leek;Levensverwachting;Mannen;80,2;geen;19,3;boven, 99% zeker
22;Leek;Levensverwachting;Vrouwen;85,0;boven, 99% zeker;22,8;boven, 99% zeker
545;Leerdam;Levensverwachting;Totaal;80,7;onder, 99% zeker;18,8;onder, 99% zeker
545;Leerdam;Levensverwachting;Mannen;79,0;onder, 95% zeker;17,6;onder, 99% zeker
545;Leerdam;Levensverwachting;Vrouwen;82,3;onder, 95% zeker;19,9;onder, 99% zeker
80;Leeuwarden;Levensverwachting;Totaal;80,6;onder, 99% zeker;19,8;geen
80;Leeuwarden;Levensverwachting;Mannen;78,5;onder, 99% zeker;18,1;onder, 99% zeker
80;Leeuwarden;Levensverwachting;Vrouwen;82,5;onder, 99% zeker;21,3;geen
81;Leeuwarderadeel;Levensverwachting;Totaal;82,5;boven, 95% zeker;20,3;geen
81;Leeuwarderadeel;Levensverwachting;Mannen;80,0;geen;18,6;geen
81;Leeuwarderadeel;Levensverwachting;Vrouwen;85,0;boven, 99% zeker;22,0;boven, 95% zeker
546;Leiden;Levensverwachting;Totaal;81,1;onder, 99% zeker;19,5;onder, 99% zeker
546;Leiden;Levensverwachting;Mannen;79,7;geen;18,3;geen
546;Leiden;Levensverwachting;Vrouwen;82,5;onder, 99% zeker;20,6;onder, 99% zeker
547;Leiderdorp;Levensverwachting;Totaal;84,1;boven, 99% zeker;21,9;boven, 99% zeker
547;Leiderdorp;Levensverwachting;Mannen;82,2;boven, 99% zeker;19,7;boven, 99% zeker
547;Leiderdorp;Levensverwachting;Vrouwen;85,8;boven, 99% zeker;23,8;boven, 99% zeker
1916;Leidschendam-Voorburg;Levensverwachting;Totaal;83,8;boven, 99% zeker;21,7;boven, 99% zeker
1916;Leidschendam-Voorburg;Levensverwachting;Mannen;81,6;boven, 99% zeker;19,6;boven, 99% zeker
1916;Leidschendam-Voorburg;Levensverwachting;Vrouwen;85,7;boven, 99% zeker;23,4;boven, 99% zeker
995;Lelystad;Levensverwachting;Totaal;80,1;onder, 99% zeker;18,7;onder, 99% zeker
995;Lelystad;Levensverwachting;Mannen;79,0;onder, 99% zeker;17,9;onder, 99% zeker
995;Lelystad;Levensverwachting;Vrouwen;81,3;onder, 99% zeker;19,4;onder, 99% zeker
1640;Leudal;Levensverwachting;Totaal;81,5;geen;19,8;geen
1640;Leudal;Levensverwachting;Mannen;79,3;geen;18,0;onder, 99% zeker
1640;Leudal;Levensverwachting;Vrouwen;83,8;boven, 95% zeker;21,5;geen
327;Leusden;Levensverwachting;Totaal;83,5;boven, 99% zeker;21,6;boven, 99% zeker
327;Leusden;Levensverwachting;Mannen;81,5;boven, 99% zeker;20,0;boven, 99% zeker
327;Leusden;Levensverwachting;Vrouwen;85,2;boven, 99% zeker;22,8;boven, 99% zeker
733;Lingewaal;Levensverwachting;Totaal;83,1;boven, 99% zeker;21,6;boven, 99% zeker
733;Lingewaal;Levensverwachting;Mannen;80,9;geen;20,2;boven, 99% zeker
733;Lingewaal;Levensverwachting;Vrouwen;85,3;boven, 99% zeker;22,9;boven, 99% zeker
1705;Lingewaard;Levensverwachting;Totaal;82,6;boven, 99% zeker;20,3;boven, 99% zeker
1705;Lingewaard;Levensverwachting;Mannen;80,7;boven, 99% zeker;18,4;geen
1705;Lingewaard;Levensverwachting;Vrouwen;84,4;boven, 99% zeker;22,1;boven, 99% zeker
553;Lisse;Levensverwachting;Totaal;83,1;boven, 99% zeker;21,1;boven, 99% zeker
553;Lisse;Levensverwachting;Mannen;81,4;boven, 99% zeker;19,6;boven, 99% zeker
553;Lisse;Levensverwachting;Vrouwen;84,7;boven, 99% zeker;22,4;boven, 99% zeker
140;Littenseradiel;Levensverwachting;Totaal;82,2;geen;20,2;geen
140;Littenseradiel;Levensverwachting;Mannen;79,8;geen;18,6;geen
140;Littenseradiel;Levensverwachting;Vrouwen;84,8;boven, 95% zeker;21,9;geen
262;Lochem;Levensverwachting;Totaal;82,1;boven, 95% zeker;20,1;geen
262;Lochem;Levensverwachting;Mannen;80,0;geen;18,5;geen
262;Lochem;Levensverwachting;Vrouwen;84,0;boven, 99% zeker;21,6;boven, 95% zeker
809;Loon op Zand;Levensverwachting;Totaal;81,5;geen;19,7;geen
809;Loon op Zand;Levensverwachting;Mannen;79,7;geen;18,3;geen
809;Loon op Zand;Levensverwachting;Vrouwen;83,2;geen;21,1;geen
331;Lopik;Levensverwachting;Totaal;83,9;boven, 99% zeker;21,7;boven, 99% zeker
331;Lopik;Levensverwachting;Mannen;80,9;boven, 95% zeker;19,0;geen
331;Lopik;Levensverwachting;Vrouwen;87,1;boven, 99% zeker;24,6;boven, 99% zeker
24;Loppersum;Levensverwachting;Totaal;81,8;geen;20,2;geen
24;Loppersum;Levensverwachting;Mannen;80,2;geen;19,3;boven, 99% zeker
24;Loppersum;Levensverwachting;Vrouwen;83,2;geen;20,8;geen
168;Losser;Levensverwachting;Totaal;80,0;onder, 99% zeker;19,0;onder, 99% zeker
168;Losser;Levensverwachting;Mannen;78,7;onder, 99% zeker;17,8;onder, 99% zeker
168;Losser;Levensverwachting;Vrouwen;81,3;onder, 99% zeker;20,0;onder, 99% zeker
263;Maasdriel;Levensverwachting;Totaal;81,7;geen;19,3;onder, 99% zeker
263;Maasdriel;Levensverwachting;Mannen;79,4;geen;17,8;onder, 99% zeker
263;Maasdriel;Levensverwachting;Vrouwen;84,0;boven, 95% zeker;20,6;onder, 99% zeker
1641;Maasgouw;Levensverwachting;Totaal;81,9;geen;20,4;boven, 99% zeker
1641;Maasgouw;Levensverwachting;Mannen;79,7;geen;18,4;geen
1641;Maasgouw;Levensverwachting;Vrouwen;84,3;boven, 99% zeker;22,3;boven, 99% zeker
556;Maassluis;Levensverwachting;Totaal;81,7;geen;20,3;boven, 99% zeker
556;Maassluis;Levensverwachting;Mannen;80,6;boven, 95% zeker;19,7;boven, 99% zeker
556;Maassluis;Levensverwachting;Vrouwen;82,9;geen;21,0;geen
935;Maastricht;Levensverwachting;Totaal;80,9;onder, 99% zeker;19,4;onder, 99% zeker
935;Maastricht;Levensverwachting;Mannen;79,0;onder, 99% zeker;18,1;onder, 99% zeker
935;Maastricht;Levensverwachting;Vrouwen;82,7;onder, 99% zeker;20,5;onder, 99% zeker
25;Marum;Levensverwachting;Totaal;81,9;geen;20,9;boven, 99% zeker
25;Marum;Levensverwachting;Mannen;80,0;geen;18,8;geen
25;Marum;Levensverwachting;Vrouwen;83,7;geen;23,0;boven, 99% zeker
420;Medemblik;Levensverwachting;Totaal;81,2;geen;19,5;onder, 99% zeker
420;Medemblik;Levensverwachting;Mannen;79,5;geen;18,3;geen
420;Medemblik;Levensverwachting;Vrouwen;82,9;geen;20,7;onder, 99% zeker
938;Meerssen;Levensverwachting;Totaal;82,6;boven, 95% zeker;21,1;boven, 99% zeker
938;Meerssen;Levensverwachting;Mannen;79,8;geen;19,0;boven, 95% zeker
938;Meerssen;Levensverwachting;Vrouwen;85,4;boven, 99% zeker;23,1;boven, 99% zeker
1948;Meierijstad;Levensverwachting;Totaal;82,3;boven, 99% zeker;20,4;boven, 99% zeker
1948;Meierijstad;Levensverwachting;Mannen;81,1;boven, 99% zeker;19,1;boven, 99% zeker
1948;Meierijstad;Levensverwachting;Vrouwen;83,3;geen;21,6;boven, 95% zeker
1908;Menameradiel;Levensverwachting;Totaal;82,3;geen;20,3;geen
1908;Menameradiel;Levensverwachting;Mannen;80,0;geen;18,8;geen
1908;Menameradiel;Levensverwachting;Vrouwen;84,7;boven, 99% zeker;21,9;boven, 95% zeker
1987;Menterwolde;Levensverwachting;Totaal;79,5;onder, 99% zeker;18,6;onder, 99% zeker
1987;Menterwolde;Levensverwachting;Mannen;78,6;onder, 99% zeker;17,4;onder, 99% zeker
1987;Menterwolde;Levensverwachting;Vrouwen;80,3;onder, 99% zeker;19,8;onder, 99% zeker
119;Meppel;Levensverwachting;Totaal;81,1;geen;20,0;geen
119;Meppel;Levensverwachting;Mannen;79,4;geen;18,6;geen
119;Meppel;Levensverwachting;Vrouwen;82,6;geen;21,3;geen
687;Middelburg;Levensverwachting;Totaal;83,0;boven, 99% zeker;21,2;boven, 99% zeker
687;Middelburg;Levensverwachting;Mannen;80,7;boven, 99% zeker;19,4;boven, 99% zeker
687;Middelburg;Levensverwachting;Vrouwen;85,1;boven, 99% zeker;22,8;boven, 99% zeker
1842;Midden-Delfland;Levensverwachting;Totaal;84,2;boven, 99% zeker;22,0;boven, 99% zeker
1842;Midden-Delfland;Levensverwachting;Mannen;82,5;boven, 99% zeker;20,5;boven, 99% zeker
1842;Midden-Delfland;Levensverwachting;Vrouwen;85,8;boven, 99% zeker;23,3;boven, 99% zeker
1731;Midden-Drenthe;Levensverwachting;Totaal;80,7;onder, 99% zeker;19,8;geen
1731;Midden-Drenthe;Levensverwachting;Mannen;78,5;onder, 99% zeker;18,3;geen
1731;Midden-Drenthe;Levensverwachting;Vrouwen;83,0;geen;21,1;geen
815;Mill en Sint Hubert;Levensverwachting;Totaal;80,5;geen;19,5;geen
815;Mill en Sint Hubert;Levensverwachting;Mannen;78,3;geen;18,0;geen
815;Mill en Sint Hubert;Levensverwachting;Vrouwen;83,2;geen;21,3;geen
1709;Moerdijk;Levensverwachting;Totaal;81,9;geen;20,1;geen
1709;Moerdijk;Levensverwachting;Mannen;80,8;boven, 99% zeker;18,7;geen
1709;Moerdijk;Levensverwachting;Vrouwen;82,8;geen;21,3;geen
1927;Molenwaard;Levensverwachting;Totaal;82,6;boven, 99% zeker;20,3;geen
1927;Molenwaard;Levensverwachting;Mannen;81,2;boven, 99% zeker;19,2;boven, 99% zeker
1927;Molenwaard;Levensverwachting;Vrouwen;84,1;boven, 95% zeker;21,3;geen
1955;Montferland;Levensverwachting;Totaal;81,6;geen;20,0;geen
1955;Montferland;Levensverwachting;Mannen;79,7;geen;18,1;geen
1955;Montferland;Levensverwachting;Vrouwen;83,5;geen;21,8;boven, 99% zeker
335;Montfoort;Levensverwachting;Totaal;85,6;boven, 99% zeker;22,5;boven, 99% zeker
335;Montfoort;Levensverwachting;Mannen;84,1;boven, 99% zeker;21,3;boven, 99% zeker
335;Montfoort;Levensverwachting;Vrouwen;86,9;boven, 99% zeker;23,5;boven, 99% zeker
944;Mook en Middelaar;Levensverwachting;Totaal;86,4;boven, 99% zeker;23,5;boven, 99% zeker
944;Mook en Middelaar;Levensverwachting;Mannen;82,2;boven, 99% zeker;20,3;boven, 99% zeker
944;Mook en Middelaar;Levensverwachting;Vrouwen;91,4;boven, 99% zeker;27,3;boven, 99% zeker
1740;Neder-Betuwe;Levensverwachting;Totaal;81,5;geen;19,6;onder, 95% zeker
1740;Neder-Betuwe;Levensverwachting;Mannen;79,9;geen;18,5;geen
1740;Neder-Betuwe;Levensverwachting;Vrouwen;83,0;geen;20,5;onder, 99% zeker
946;Nederweert;Levensverwachting;Totaal;82,8;boven, 99% zeker;21,0;boven, 99% zeker
946;Nederweert;Levensverwachting;Mannen;80,0;geen;18,6;geen
946;Nederweert;Levensverwachting;Vrouwen;85,9;boven, 99% zeker;23,4;boven, 99% zeker
304;Neerijnen;Levensverwachting;Totaal;82,1;geen;20,3;geen
304;Neerijnen;Levensverwachting;Mannen;80,2;geen;18,8;geen
304;Neerijnen;Levensverwachting;Vrouwen;84,0;geen;21,6;geen
356;Nieuwegein;Levensverwachting;Totaal;82,2;boven, 99% zeker;20,7;boven, 99% zeker
356;Nieuwegein;Levensverwachting;Mannen;80,5;boven, 95% zeker;19,3;boven, 99% zeker
356;Nieuwegein;Levensverwachting;Vrouwen;83,8;boven, 95% zeker;22,0;boven, 99% zeker
569;Nieuwkoop;Levensverwachting;Totaal;82,2;boven, 95% zeker;20,7;boven, 99% zeker
569;Nieuwkoop;Levensverwachting;Mannen;80,6;geen;19,3;boven, 99% zeker
569;Nieuwkoop;Levensverwachting;Vrouwen;83,7;geen;21,9;boven, 99% zeker
267;Nijkerk;Levensverwachting;Totaal;82,9;boven, 99% zeker;20,9;boven, 99% zeker
267;Nijkerk;Levensverwachting;Mannen;81,2;boven, 99% zeker;19,2;boven, 99% zeker
267;Nijkerk;Levensverwachting;Vrouwen;84,5;boven, 99% zeker;22,5;boven, 99% zeker
268;Nijmegen;Levensverwachting;Totaal;80,8;onder, 99% zeker;19,4;onder, 99% zeker
268;Nijmegen;Levensverwachting;Mannen;79,0;onder, 99% zeker;17,9;onder, 99% zeker
268;Nijmegen;Levensverwachting;Vrouwen;82,4;onder, 99% zeker;20,6;onder, 99% zeker
1930;Nissewaard;Levensverwachting;Totaal;82,6;boven, 99% zeker;21,0;boven, 99% zeker
1930;Nissewaard;Levensverwachting;Mannen;80,7;boven, 99% zeker;19,6;boven, 99% zeker
1930;Nissewaard;Levensverwachting;Vrouwen;84,3;boven, 99% zeker;22,2;boven, 99% zeker
1695;Noord-Beveland;Levensverwachting;Totaal;80,7;geen;19,2;onder, 99% zeker
1695;Noord-Beveland;Levensverwachting;Mannen;78,6;geen;18,1;geen
1695;Noord-Beveland;Levensverwachting;Vrouwen;83,3;geen;20,6;geen
1699;Noordenveld;Levensverwachting;Totaal;83,2;boven, 99% zeker;21,5;boven, 99% zeker
1699;Noordenveld;Levensverwachting;Mannen;81,3;boven, 99% zeker;20,2;boven, 99% zeker
1699;Noordenveld;Levensverwachting;Vrouwen;85,2;boven, 99% zeker;22,7;boven, 99% zeker
171;Noordoostpolder;Levensverwachting;Totaal;82,1;boven, 99% zeker;20,0;geen
171;Noordoostpolder;Levensverwachting;Mannen;80,2;geen;18,3;geen
171;Noordoostpolder;Levensverwachting;Vrouwen;83,8;boven, 95% zeker;21,5;geen
575;Noordwijk;Levensverwachting;Totaal;81,6;geen;20,0;geen
575;Noordwijk;Levensverwachting;Mannen;80,5;geen;18,9;boven, 95% zeker
575;Noordwijk;Levensverwachting;Vrouwen;82,5;geen;20,8;onder, 95% zeker
576;Noordwijkerhout;Levensverwachting;Totaal;82,3;geen;21,0;boven, 99% zeker
576;Noordwijkerhout;Levensverwachting;Mannen;80,6;geen;19,0;boven, 95% zeker
576;Noordwijkerhout;Levensverwachting;Vrouwen;83,9;geen;23,0;boven, 99% zeker
820;Nuenen, Gerwen en Nederwetten;Levensverwachting;Totaal;83,3;boven, 99% zeker;21,1;boven, 99% zeker
820;Nuenen, Gerwen en Nederwetten;Levensverwachting;Mannen;82,1;boven, 99% zeker;20,0;boven, 99% zeker
820;Nuenen, Gerwen en Nederwetten;Levensverwachting;Vrouwen;84,6;boven, 99% zeker;22,0;boven, 99% zeker
302;Nunspeet;Levensverwachting;Totaal;82,5;boven, 99% zeker;20,3;boven, 95% zeker
302;Nunspeet;Levensverwachting;Mannen;80,5;geen;18,5;geen
302;Nunspeet;Levensverwachting;Vrouwen;84,5;boven, 99% zeker;22,0;boven, 99% zeker
951;Nuth;Levensverwachting;Totaal;83,3;boven, 99% zeker;20,9;boven, 99% zeker
951;Nuth;Levensverwachting;Mannen;82,0;boven, 99% zeker;19,4;boven, 99% zeker
951;Nuth;Levensverwachting;Vrouwen;84,4;boven, 95% zeker;22,2;boven, 99% zeker
579;Oegstgeest;Levensverwachting;Totaal;83,0;boven, 99% zeker;20,7;boven, 99% zeker
579;Oegstgeest;Levensverwachting;Mannen;81,5;boven, 99% zeker;19,3;boven, 99% zeker
579;Oegstgeest;Levensverwachting;Vrouwen;84,2;boven, 95% zeker;21,8;boven, 95% zeker
823;Oirschot;Levensverwachting;Totaal;81,9;geen;19,8;geen
823;Oirschot;Levensverwachting;Mannen;80,8;boven, 99% zeker;18,7;geen
823;Oirschot;Levensverwachting;Vrouwen;82,9;geen;20,8;onder, 95% zeker
824;Oisterwijk;Levensverwachting;Totaal;82,2;boven, 95% zeker;20,0;geen
824;Oisterwijk;Levensverwachting;Mannen;80,2;geen;18,5;geen
824;Oisterwijk;Levensverwachting;Vrouwen;84,1;boven, 99% zeker;21,3;geen
1895;Oldambt;Levensverwachting;Totaal;79,3;onder, 99% zeker;19,0;onder, 99% zeker
1895;Oldambt;Levensverwachting;Mannen;77,8;onder, 99% zeker;18,0;onder, 99% zeker
1895;Oldambt;Levensverwachting;Vrouwen;80,6;onder, 99% zeker;19,9;onder, 99% zeker
269;Oldebroek;Levensverwachting;Totaal;82,2;geen;21,3;boven, 99% zeker
269;Oldebroek;Levensverwachting;Mannen;79,6;geen;19,4;boven, 99% zeker
269;Oldebroek;Levensverwachting;Vrouwen;84,8;boven, 99% zeker;23,0;boven, 99% zeker
173;Oldenzaal;Levensverwachting;Totaal;81,7;geen;19,8;geen
173;Oldenzaal;Levensverwachting;Mannen;79,9;geen;18,5;geen
173;Oldenzaal;Levensverwachting;Vrouwen;83,5;geen;21,0;geen
1773;Olst-Wijhe;Levensverwachting;Totaal;81,7;geen;19,6;geen
1773;Olst-Wijhe;Levensverwachting;Mannen;80,2;geen;18,3;geen
1773;Olst-Wijhe;Levensverwachting;Vrouwen;83,2;geen;20,9;geen
175;Ommen;Levensverwachting;Totaal;82,3;boven, 95% zeker;20,7;boven, 99% zeker
175;Ommen;Levensverwachting;Mannen;81,4;boven, 99% zeker;19,4;boven, 99% zeker
175;Ommen;Levensverwachting;Vrouwen;83,1;geen;21,8;boven, 95% zeker
881;Onderbanken;Levensverwachting;Totaal;82,3;geen;20,3;geen
881;Onderbanken;Levensverwachting;Mannen;79,7;geen;17,9;geen
881;Onderbanken;Levensverwachting;Vrouwen;84,9;boven, 99% zeker;22,6;boven, 99% zeker
1586;Oost Gelre;Levensverwachting;Totaal;80,8;onder, 99% zeker;19,0;onder, 99% zeker
1586;Oost Gelre;Levensverwachting;Mannen;78,5;onder, 99% zeker;16,8;onder, 99% zeker
1586;Oost Gelre;Levensverwachting;Vrouwen;83,0;geen;21,2;geen
826;Oosterhout;Levensverwachting;Totaal;81,8;geen;20,1;geen
826;Oosterhout;Levensverwachting;Mannen;80,1;geen;18,9;boven, 99% zeker
826;Oosterhout;Levensverwachting;Vrouwen;83,4;geen;21,2;geen
85;Ooststellingwerf;Levensverwachting;Totaal;80,4;onder, 99% zeker;18,9;onder, 99% zeker
85;Ooststellingwerf;Levensverwachting;Mannen;78,1;onder, 99% zeker;17,0;onder, 99% zeker
85;Ooststellingwerf;Levensverwachting;Vrouwen;82,8;geen;20,8;onder, 95% zeker
431;Oostzaan;Levensverwachting;Totaal;84,6;boven, 99% zeker;21,8;boven, 99% zeker
431;Oostzaan;Levensverwachting;Mannen;83,5;boven, 99% zeker;20,2;boven, 99% zeker
431;Oostzaan;Levensverwachting;Vrouwen;85,4;boven, 99% zeker;23,2;boven, 99% zeker
432;Opmeer;Levensverwachting;Totaal;82,1;geen;20,0;geen
432;Opmeer;Levensverwachting;Mannen;79,6;geen;17,9;geen
432;Opmeer;Levensverwachting;Vrouwen;84,6;boven, 99% zeker;22,1;boven, 95% zeker
86;Opsterland;Levensverwachting;Totaal;81,7;geen;20,5;boven, 99% zeker
86;Opsterland;Levensverwachting;Mannen;79,8;geen;18,8;geen
86;Opsterland;Levensverwachting;Vrouwen;83,6;geen;22,1;boven, 99% zeker
828;Oss;Levensverwachting;Totaal;81,9;boven, 95% zeker;20,4;boven, 99% zeker
828;Oss;Levensverwachting;Mannen;80,1;geen;18,9;boven, 99% zeker
828;Oss;Levensverwachting;Vrouwen;83,6;geen;21,7;boven, 99% zeker
584;Oud-Beijerland;Levensverwachting;Totaal;82,5;boven, 99% zeker;20,0;geen
584;Oud-Beijerland;Levensverwachting;Mannen;81,0;boven, 99% zeker;18,6;geen
584;Oud-Beijerland;Levensverwachting;Vrouwen;83,8;geen;21,2;geen
1509;Oude IJsselstreek;Levensverwachting;Totaal;80,7;onder, 99% zeker;19,1;onder, 99% zeker
1509;Oude IJsselstreek;Levensverwachting;Mannen;78,7;onder, 99% zeker;17,5;onder, 99% zeker
1509;Oude IJsselstreek;Levensverwachting;Vrouwen;82,6;onder, 99% zeker;20,4;onder, 99% zeker
437;Ouder-Amstel;Levensverwachting;Totaal;82,2;geen;20,4;boven, 95% zeker
437;Ouder-Amstel;Levensverwachting;Mannen;79,9;geen;18,9;geen
437;Ouder-Amstel;Levensverwachting;Vrouwen;84,2;geen;21,7;geen
589;Oudewater;Levensverwachting;Totaal;81,8;geen;19,8;geen
589;Oudewater;Levensverwachting;Mannen;79,2;geen;17,7;onder, 95% zeker
589;Oudewater;Levensverwachting;Vrouwen;84,3;boven, 95% zeker;21,6;geen
1734;Overbetuwe;Levensverwachting;Totaal;82,4;boven, 99% zeker;20,5;boven, 99% zeker
1734;Overbetuwe;Levensverwachting;Mannen;81,4;boven, 99% zeker;19,5;boven, 99% zeker
1734;Overbetuwe;Levensverwachting;Vrouwen;83,4;geen;21,5;geen
590;Papendrecht;Levensverwachting;Totaal;83,7;boven, 99% zeker;21,5;boven, 99% zeker
590;Papendrecht;Levensverwachting;Mannen;82,9;boven, 99% zeker;20,8;boven, 99% zeker
590;Papendrecht;Levensverwachting;Vrouwen;84,7;boven, 99% zeker;22,3;boven, 99% zeker
1894;Peel en Maas;Levensverwachting;Totaal;82,4;boven, 99% zeker;20,3;boven, 99% zeker
1894;Peel en Maas;Levensverwachting;Mannen;80,9;boven, 99% zeker;19,0;boven, 99% zeker
1894;Peel en Maas;Levensverwachting;Vrouwen;83,9;boven, 95% zeker;21,5;geen
765;Pekela;Levensverwachting;Totaal;78,7;onder, 99% zeker;18,3;onder, 99% zeker
765;Pekela;Levensverwachting;Mannen;77,7;onder, 99% zeker;17,8;onder, 95% zeker
765;Pekela;Levensverwachting;Vrouwen;79,6;onder, 99% zeker;18,6;onder, 99% zeker
1926;Pijnacker-Nootdorp;Levensverwachting;Totaal;83,1;boven, 99% zeker;21,0;boven, 99% zeker
1926;Pijnacker-Nootdorp;Levensverwachting;Mannen;81,6;boven, 99% zeker;19,9;boven, 99% zeker
1926;Pijnacker-Nootdorp;Levensverwachting;Vrouwen;84,5;boven, 99% zeker;21,9;boven, 99% zeker
439;Purmerend;Levensverwachting;Totaal;81,6;geen;20,2;boven, 95% zeker
439;Purmerend;Levensverwachting;Mannen;80,1;geen;18,9;boven, 99% zeker
439;Purmerend;Levensverwachting;Vrouwen;82,8;onder, 95% zeker;21,2;geen
273;Putten;Levensverwachting;Totaal;82,9;boven, 99% zeker;20,7;boven, 99% zeker
273;Putten;Levensverwachting;Mannen;80,9;boven, 95% zeker;19,3;boven, 99% zeker
273;Putten;Levensverwachting;Vrouwen;84,9;boven, 99% zeker;22,1;boven, 99% zeker
177;Raalte;Levensverwachting;Totaal;83,0;boven, 99% zeker;20,6;boven, 99% zeker
177;Raalte;Levensverwachting;Mannen;81,5;boven, 99% zeker;19,5;boven, 99% zeker
177;Raalte;Levensverwachting;Vrouwen;84,6;boven, 99% zeker;21,7;boven, 95% zeker
703;Reimerswaal;Levensverwachting;Totaal;82,7;boven, 99% zeker;21,1;boven, 99% zeker
703;Reimerswaal;Levensverwachting;Mannen;81,0;boven, 99% zeker;19,7;boven, 99% zeker
703;Reimerswaal;Levensverwachting;Vrouwen;84,4;boven, 99% zeker;22,3;boven, 99% zeker
274;Renkum;Levensverwachting;Totaal;81,4;geen;20,3;boven, 99% zeker
274;Renkum;Levensverwachting;Mannen;80,1;geen;19,4;boven, 99% zeker
274;Renkum;Levensverwachting;Vrouwen;82,6;geen;21,2;geen
339;Renswoude;Levensverwachting;Totaal;83,5;boven, 99% zeker;21,0;boven, 95% zeker
339;Renswoude;Levensverwachting;Mannen;89,1;boven, 99% zeker;28,0;boven, 99% zeker
339;Renswoude;Levensverwachting;Vrouwen;83,9;geen;20,5;geen
1667;Reusel-De Mierden;Levensverwachting;Totaal;82,9;boven, 99% zeker;20,9;boven, 99% zeker
1667;Reusel-De Mierden;Levensverwachting;Mannen;81,2;boven, 95% zeker;19,2;boven, 95% zeker
1667;Reusel-De Mierden;Levensverwachting;Vrouwen;84,6;boven, 95% zeker;22,6;boven, 99% zeker
275;Rheden;Levensverwachting;Totaal;81,2;geen;20,0;geen
275;Rheden;Levensverwachting;Mannen;79,2;geen;18,7;geen
275;Rheden;Levensverwachting;Vrouwen;83,1;geen;21,2;geen
340;Rhenen;Levensverwachting;Totaal;83,6;boven, 99% zeker;21,9;boven, 99% zeker
340;Rhenen;Levensverwachting;Mannen;81,6;boven, 99% zeker;20,5;boven, 99% zeker
340;Rhenen;Levensverwachting;Vrouwen;85,6;boven, 99% zeker;23,2;boven, 99% zeker
597;Ridderkerk;Levensverwachting;Totaal;83,3;boven, 99% zeker;21,1;boven, 99% zeker
597;Ridderkerk;Levensverwachting;Mannen;81,4;boven, 99% zeker;19,6;boven, 99% zeker
597;Ridderkerk;Levensverwachting;Vrouwen;85,0;boven, 99% zeker;22,4;boven, 99% zeker
196;Rijnwaarden;Levensverwachting;Totaal;80,2;onder, 99% zeker;18,1;onder, 99% zeker
196;Rijnwaarden;Levensverwachting;Mannen;78,4;onder, 99% zeker;16,3;onder, 99% zeker
196;Rijnwaarden;Levensverwachting;Vrouwen;82,0;onder, 95% zeker;19,8;onder, 99% zeker
1742;Rijssen-Holten;Levensverwachting;Totaal;82,7;boven, 99% zeker;20,8;boven, 99% zeker
1742;Rijssen-Holten;Levensverwachting;Mannen;80,7;boven, 99% zeker;19,0;boven, 99% zeker
1742;Rijssen-Holten;Levensverwachting;Vrouwen;84,4;boven, 99% zeker;22,2;boven, 99% zeker
603;Rijswijk;Levensverwachting;Totaal;81,7;geen;20,0;geen
603;Rijswijk;Levensverwachting;Mannen;80,1;geen;18,2;geen
603;Rijswijk;Levensverwachting;Vrouwen;83,1;geen;21,5;geen
1669;Roerdalen;Levensverwachting;Totaal;82,1;boven, 95% zeker;20,1;geen
1669;Roerdalen;Levensverwachting;Mannen;80,3;geen;18,2;geen
1669;Roerdalen;Levensverwachting;Vrouwen;83,8;geen;21,9;boven, 95% zeker
957;Roermond;Levensverwachting;Totaal;80,4;onder, 99% zeker;19,0;onder, 99% zeker
957;Roermond;Levensverwachting;Mannen;78,3;onder, 99% zeker;17,2;onder, 99% zeker
957;Roermond;Levensverwachting;Vrouwen;82,3;onder, 99% zeker;20,6;onder, 99% zeker
1674;Roosendaal;Levensverwachting;Totaal;81,0;onder, 99% zeker;19,4;onder, 99% zeker
1674;Roosendaal;Levensverwachting;Mannen;79,4;onder, 95% zeker;18,0;onder, 99% zeker
1674;Roosendaal;Levensverwachting;Vrouwen;82,5;onder, 99% zeker;20,6;onder, 99% zeker
599;Rotterdam;Levensverwachting;Totaal;80,1;onder, 99% zeker;18,9;onder, 99% zeker
599;Rotterdam;Levensverwachting;Mannen;78,1;onder, 99% zeker;17,4;onder, 99% zeker
599;Rotterdam;Levensverwachting;Vrouwen;82,1;onder, 99% zeker;20,2;onder, 99% zeker
840;Rucphen;Levensverwachting;Totaal;79,3;onder, 99% zeker;17,8;onder, 99% zeker
840;Rucphen;Levensverwachting;Mannen;77,9;onder, 99% zeker;16,9;onder, 99% zeker
840;Rucphen;Levensverwachting;Vrouwen;80,8;onder, 99% zeker;18,5;onder, 99% zeker
441;Schagen;Levensverwachting;Totaal;82,8;boven, 99% zeker;20,4;boven, 99% zeker
441;Schagen;Levensverwachting;Mannen;80,9;boven, 99% zeker;18,7;geen
441;Schagen;Levensverwachting;Vrouwen;84,7;boven, 99% zeker;22,1;boven, 99% zeker
279;Scherpenzeel;Levensverwachting;Totaal;83,5;boven, 99% zeker;20,4;geen
279;Scherpenzeel;Levensverwachting;Mannen;80,8;geen;18,0;geen
279;Scherpenzeel;Levensverwachting;Vrouwen;85,9;boven, 99% zeker;22,4;boven, 99% zeker
606;Schiedam;Levensverwachting;Totaal;80,7;onder, 99% zeker;18,9;onder, 99% zeker
606;Schiedam;Levensverwachting;Mannen;79,2;onder, 99% zeker;17,7;onder, 99% zeker
606;Schiedam;Levensverwachting;Vrouwen;82,1;onder, 99% zeker;20,0;onder, 99% zeker
962;Schinnen;Levensverwachting;Totaal;82,4;boven, 95% zeker;20,2;geen
962;Schinnen;Levensverwachting;Mannen;79,5;geen;18,3;geen
962;Schinnen;Levensverwachting;Vrouwen;85,4;boven, 99% zeker;22,1;boven, 99% zeker
1676;Schouwen-Duiveland;Levensverwachting;Totaal;82,3;boven, 99% zeker;21,1;boven, 99% zeker
1676;Schouwen-Duiveland;Levensverwachting;Mannen;79,6;geen;19,3;boven, 99% zeker
1676;Schouwen-Duiveland;Levensverwachting;Vrouwen;85,1;boven, 99% zeker;22,8;boven, 99% zeker
518;'s-Gravenhage;Levensverwachting;Totaal;80,5;onder, 99% zeker;19,0;onder, 99% zeker
518;'s-Gravenhage;Levensverwachting;Mannen;78,6;onder, 99% zeker;17,7;onder, 99% zeker
518;'s-Gravenhage;Levensverwachting;Vrouwen;82,3;onder, 99% zeker;20,2;onder, 99% zeker
796;'s-Hertogenbosch;Levensverwachting;Totaal;81,7;geen;20,1;boven, 95% zeker
796;'s-Hertogenbosch;Levensverwachting;Mannen;79,9;geen;18,5;geen
796;'s-Hertogenbosch;Levensverwachting;Vrouwen;83,3;geen;21,5;boven, 95% zeker
965;Simpelveld;Levensverwachting;Totaal;81,8;geen;19,4;onder, 95% zeker
965;Simpelveld;Levensverwachting;Mannen;80,1;geen;18,2;geen
965;Simpelveld;Levensverwachting;Vrouwen;83,5;geen;20,6;onder, 95% zeker
1702;Sint Anthonis;Levensverwachting;Totaal;85,1;boven, 99% zeker;22,1;boven, 99% zeker
1702;Sint Anthonis;Levensverwachting;Mannen;84,0;boven, 99% zeker;21,0;boven, 99% zeker
1702;Sint Anthonis;Levensverwachting;Vrouwen;86,1;boven, 99% zeker;23,0;boven, 99% zeker
845;Sint-Michielsgestel;Levensverwachting;Totaal;81,5;geen;20,0;geen
845;Sint-Michielsgestel;Levensverwachting;Mannen;79,9;geen;18,7;geen
845;Sint-Michielsgestel;Levensverwachting;Vrouwen;83,0;geen;21,2;geen
1883;Sittard-Geleen;Levensverwachting;Totaal;80,5;onder, 99% zeker;19,4;onder, 99% zeker
1883;Sittard-Geleen;Levensverwachting;Mannen;78,5;onder, 99% zeker;17,8;onder, 99% zeker
1883;Sittard-Geleen;Levensverwachting;Vrouwen;82,5;onder, 99% zeker;20,8;onder, 99% zeker
610;Sliedrecht;Levensverwachting;Totaal;79,8;onder, 99% zeker;19,3;onder, 99% zeker
610;Sliedrecht;Levensverwachting;Mannen;78,3;onder, 99% zeker;18,3;geen
610;Sliedrecht;Levensverwachting;Vrouwen;81,3;onder, 99% zeker;20,3;onder, 99% zeker
40;Slochteren;Levensverwachting;Totaal;81,7;geen;20,0;geen
40;Slochteren;Levensverwachting;Mannen;80,6;geen;19,1;boven, 95% zeker
40;Slochteren;Levensverwachting;Vrouwen;82,7;geen;20,7;geen
1714;Sluis;Levensverwachting;Totaal;81,7;geen;20,4;boven, 99% zeker
1714;Sluis;Levensverwachting;Mannen;79,8;geen;18,7;geen
1714;Sluis;Levensverwachting;Vrouwen;83,6;geen;22,0;boven, 99% zeker
90;Smallingerland;Levensverwachting;Totaal;81,9;geen;20,4;boven, 99% zeker
90;Smallingerland;Levensverwachting;Mannen;79,3;onder, 95% zeker;18,4;geen
90;Smallingerland;Levensverwachting;Vrouwen;84,4;boven, 99% zeker;22,2;boven, 99% zeker
342;Soest;Levensverwachting;Totaal;82,4;boven, 99% zeker;20,5;boven, 99% zeker
342;Soest;Levensverwachting;Mannen;81,1;boven, 99% zeker;19,2;boven, 99% zeker
342;Soest;Levensverwachting;Vrouwen;83,6;geen;21,6;boven, 95% zeker
847;Someren;Levensverwachting;Totaal;82,0;geen;20,2;geen
847;Someren;Levensverwachting;Mannen;80,0;geen;18,6;geen
847;Someren;Levensverwachting;Vrouwen;84,1;geen;21,8;geen
848;Son en Breugel;Levensverwachting;Totaal;84,2;boven, 99% zeker;21,4;boven, 99% zeker
848;Son en Breugel;Levensverwachting;Mannen;83,0;boven, 99% zeker;20,2;boven, 99% zeker
848;Son en Breugel;Levensverwachting;Vrouwen;85,2;boven, 99% zeker;22,6;boven, 99% zeker
37;Stadskanaal;Levensverwachting;Totaal;80,4;onder, 99% zeker;19,1;onder, 99% zeker
37;Stadskanaal;Levensverwachting;Mannen;78,5;onder, 99% zeker;17,7;onder, 99% zeker
37;Stadskanaal;Levensverwachting;Vrouwen;82,3;onder, 99% zeker;20,3;onder, 99% zeker
180;Staphorst;Levensverwachting;Totaal;82,4;boven, 95% zeker;20,8;boven, 99% zeker
180;Staphorst;Levensverwachting;Mannen;80,1;geen;18,9;geen
180;Staphorst;Levensverwachting;Vrouwen;84,9;boven, 99% zeker;22,8;boven, 99% zeker
532;Stede Broec;Levensverwachting;Totaal;82,1;geen;19,8;geen
532;Stede Broec;Levensverwachting;Mannen;80,7;boven, 95% zeker;18,6;geen
532;Stede Broec;Levensverwachting;Vrouwen;83,4;geen;20,9;geen
851;Steenbergen;Levensverwachting;Totaal;81,7;geen;19,4;onder, 99% zeker
851;Steenbergen;Levensverwachting;Mannen;79,4;geen;17,3;onder, 99% zeker
851;Steenbergen;Levensverwachting;Vrouwen;84,1;boven, 95% zeker;21,6;geen
1708;Steenwijkerland;Levensverwachting;Totaal;81,7;geen;20,1;geen
1708;Steenwijkerland;Levensverwachting;Mannen;80,4;geen;18,9;boven, 99% zeker
1708;Steenwijkerland;Levensverwachting;Vrouwen;82,9;geen;21,2;geen
971;Stein;Levensverwachting;Totaal;82,7;boven, 99% zeker;20,4;boven, 99% zeker
971;Stein;Levensverwachting;Mannen;81,5;boven, 99% zeker;19,1;boven, 99% zeker
971;Stein;Levensverwachting;Vrouwen;83,8;geen;21,5;geen
1904;Stichtse Vecht;Levensverwachting;Totaal;82,2;boven, 99% zeker;20,1;geen
1904;Stichtse Vecht;Levensverwachting;Mannen;80,6;boven, 99% zeker;18,7;boven, 95% zeker
1904;Stichtse Vecht;Levensverwachting;Vrouwen;83,8;boven, 95% zeker;21,4;geen
617;Strijen;Levensverwachting;Totaal;82,6;boven, 99% zeker;20,0;geen
617;Strijen;Levensverwachting;Mannen;80,4;geen;18,4;geen
617;Strijen;Levensverwachting;Vrouwen;84,7;boven, 99% zeker;21,4;geen
1900;Sdwest Frysln;Levensverwachting;Totaal;81,2;onder, 95% zeker;19,7;onder, 99% zeker
1900;Sdwest Frysln;Levensverwachting;Mannen;79,2;onder, 99% zeker;18,3;geen
1900;Sdwest Frysln;Levensverwachting;Vrouwen;83,2;geen;21,0;onder, 95% zeker
9;Ten Boer;Levensverwachting;Totaal;78,5;onder, 99% zeker;17,1;onder, 99% zeker
9;Ten Boer;Levensverwachting;Mannen;75,0;onder, 99% zeker;15,3;onder, 99% zeker
9;Ten Boer;Levensverwachting;Vrouwen;82,4;geen;19,1;onder, 99% zeker
715;Terneuzen;Levensverwachting;Totaal;81,5;geen;19,9;geen
715;Terneuzen;Levensverwachting;Mannen;79,3;onder, 95% zeker;18,2;geen
715;Terneuzen;Levensverwachting;Vrouwen;83,7;geen;21,5;geen
93;Terschelling;Levensverwachting;Totaal;81,2;geen;19,8;geen
93;Terschelling;Levensverwachting;Mannen;80,2;geen;19,2;geen
93;Terschelling;Levensverwachting;Vrouwen;82,7;geen;20,6;geen
448;Texel;Levensverwachting;Totaal;80,8;geen;19,5;onder, 95% zeker
448;Texel;Levensverwachting;Mannen;79,3;geen;18,0;geen
448;Texel;Levensverwachting;Vrouwen;82,2;geen;20,9;geen
1525;Teylingen;Levensverwachting;Totaal;82,0;geen;19,9;geen
1525;Teylingen;Levensverwachting;Mannen;80,6;boven, 95% zeker;18,9;boven, 95% zeker
1525;Teylingen;Levensverwachting;Vrouwen;83,3;geen;20,9;onder, 95% zeker
716;Tholen;Levensverwachting;Totaal;81,8;geen;20,0;geen
716;Tholen;Levensverwachting;Mannen;79,4;geen;17,9;onder, 99% zeker
716;Tholen;Levensverwachting;Vrouwen;84,3;boven, 99% zeker;22,1;boven, 99% zeker
281;Tiel;Levensverwachting;Totaal;80,8;onder, 99% zeker;19,2;onder, 99% zeker
281;Tiel;Levensverwachting;Mannen;79,1;onder, 95% zeker;18,1;onder, 95% zeker
281;Tiel;Levensverwachting;Vrouwen;82,4;onder, 99% zeker;20,1;onder, 99% zeker
855;Tilburg;Levensverwachting;Totaal;80,3;onder, 99% zeker;19,1;onder, 99% zeker
855;Tilburg;Levensverwachting;Mannen;78,6;onder, 99% zeker;17,6;onder, 99% zeker
855;Tilburg;Levensverwachting;Vrouwen;81,9;onder, 99% zeker;20,4;onder, 99% zeker
183;Tubbergen;Levensverwachting;Totaal;81,6;geen;19,3;onder, 99% zeker
183;Tubbergen;Levensverwachting;Mannen;79,2;geen;17,0;onder, 99% zeker
183;Tubbergen;Levensverwachting;Vrouwen;84,0;geen;21,5;geen
1700;Twenterand;Levensverwachting;Totaal;80,5;onder, 99% zeker;18,4;onder, 99% zeker
1700;Twenterand;Levensverwachting;Mannen;79,1;onder, 95% zeker;17,2;onder, 99% zeker
1700;Twenterand;Levensverwachting;Vrouwen;81,8;onder, 99% zeker;19,3;onder, 99% zeker
1730;Tynaarlo;Levensverwachting;Totaal;81,8;geen;20,6;boven, 99% zeker
1730;Tynaarlo;Levensverwachting;Mannen;80,2;geen;19,4;boven, 99% zeker
1730;Tynaarlo;Levensverwachting;Vrouwen;83,2;geen;21,7;boven, 95% zeker
737;Tytsjerksteradiel;Levensverwachting;Totaal;81,2;geen;19,5;onder, 99% zeker
737;Tytsjerksteradiel;Levensverwachting;Mannen;79,3;geen;18,6;geen
737;Tytsjerksteradiel;Levensverwachting;Vrouwen;83,0;geen;20,4;onder, 99% zeker
856;Uden;Levensverwachting;Totaal;82,0;geen;20,0;geen
856;Uden;Levensverwachting;Mannen;80,9;boven, 99% zeker;18,9;boven, 99% zeker
856;Uden;Levensverwachting;Vrouwen;82,9;geen;20,9;geen
450;Uitgeest;Levensverwachting;Totaal;83,5;boven, 99% zeker;21,7;boven, 99% zeker
450;Uitgeest;Levensverwachting;Mannen;82,5;boven, 99% zeker;19,9;boven, 99% zeker
450;Uitgeest;Levensverwachting;Vrouwen;84,4;geen;23,4;boven, 99% zeker
451;Uithoorn;Levensverwachting;Totaal;84,0;boven, 99% zeker;21,3;boven, 99% zeker
451;Uithoorn;Levensverwachting;Mannen;82,0;boven, 99% zeker;19,5;boven, 99% zeker
451;Uithoorn;Levensverwachting;Vrouwen;85,9;boven, 99% zeker;22,9;boven, 99% zeker
184;Urk;Levensverwachting;Totaal;80,4;onder, 99% zeker;18,5;onder, 99% zeker
184;Urk;Levensverwachting;Mannen;77,0;onder, 99% zeker;15,6;onder, 99% zeker
184;Urk;Levensverwachting;Vrouwen;84,1;geen;21,6;geen
344;Utrecht;Levensverwachting;Totaal;80,9;onder, 99% zeker;19,3;onder, 99% zeker
344;Utrecht;Levensverwachting;Mannen;79,1;onder, 99% zeker;17,8;onder, 99% zeker
344;Utrecht;Levensverwachting;Vrouwen;82,4;onder, 99% zeker;20,5;onder, 99% zeker
1581;Utrechtse Heuvelrug;Levensverwachting;Totaal;81,9;geen;20,1;geen
1581;Utrechtse Heuvelrug;Levensverwachting;Mannen;80,3;geen;18,9;boven, 99% zeker
1581;Utrechtse Heuvelrug;Levensverwachting;Vrouwen;83,2;geen;21,1;geen
981;Vaals;Levensverwachting;Totaal;79,2;onder, 99% zeker;18,9;onder, 99% zeker
981;Vaals;Levensverwachting;Mannen;78,3;geen;17,8;onder, 95% zeker
981;Vaals;Levensverwachting;Vrouwen;80,1;onder, 99% zeker;19,9;onder, 99% zeker
994;Valkenburg aan de Geul;Levensverwachting;Totaal;80,7;onder, 95% zeker;19,3;onder, 99% zeker
994;Valkenburg aan de Geul;Levensverwachting;Mannen;79,0;onder, 95% zeker;17,7;onder, 99% zeker
994;Valkenburg aan de Geul;Levensverwachting;Vrouwen;82,4;geen;20,7;onder, 95% zeker
858;Valkenswaard;Levensverwachting;Totaal;81,7;geen;20,7;boven, 99% zeker
858;Valkenswaard;Levensverwachting;Mannen;79,7;geen;19,2;boven, 99% zeker
858;Valkenswaard;Levensverwachting;Vrouwen;83,7;geen;21,9;boven, 99% zeker
47;Veendam;Levensverwachting;Totaal;80,1;onder, 99% zeker;18,9;onder, 99% zeker
47;Veendam;Levensverwachting;Mannen;77,6;onder, 99% zeker;17,4;onder, 99% zeker
47;Veendam;Levensverwachting;Vrouwen;82,6;onder, 95% zeker;20,2;onder, 99% zeker
345;Veenendaal;Levensverwachting;Totaal;82,4;boven, 99% zeker;20,4;boven, 99% zeker
345;Veenendaal;Levensverwachting;Mannen;80,9;boven, 99% zeker;18,7;boven, 95% zeker
345;Veenendaal;Levensverwachting;Vrouwen;83,7;geen;21,8;boven, 99% zeker
717;Veere;Levensverwachting;Totaal;83,3;boven, 99% zeker;20,8;boven, 99% zeker
717;Veere;Levensverwachting;Mannen;81,8;boven, 99% zeker;19,3;boven, 99% zeker
717;Veere;Levensverwachting;Vrouwen;84,7;boven, 99% zeker;22,2;boven, 99% zeker
861;Veldhoven;Levensverwachting;Totaal;83,2;boven, 99% zeker;21,3;boven, 99% zeker
861;Veldhoven;Levensverwachting;Mannen;81,1;boven, 99% zeker;19,6;boven, 99% zeker
861;Veldhoven;Levensverwachting;Vrouwen;85,1;boven, 99% zeker;22,9;boven, 99% zeker
453;Velsen;Levensverwachting;Totaal;81,3;geen;19,7;onder, 99% zeker
453;Velsen;Levensverwachting;Mannen;79,6;geen;18,2;onder, 95% zeker
453;Velsen;Levensverwachting;Vrouwen;82,9;geen;21,0;geen
983;Venlo;Levensverwachting;Totaal;81,7;geen;20,2;boven, 99% zeker
983;Venlo;Levensverwachting;Mannen;79,9;geen;18,9;boven, 99% zeker
983;Venlo;Levensverwachting;Vrouwen;83,3;geen;21,3;geen
984;Venray;Levensverwachting;Totaal;82,2;boven, 99% zeker;20,7;boven, 99% zeker
984;Venray;Levensverwachting;Mannen;80,5;boven, 95% zeker;19,2;boven, 99% zeker
984;Venray;Levensverwachting;Vrouwen;83,7;geen;22,0;boven, 99% zeker
620;Vianen;Levensverwachting;Totaal;81,6;geen;20,1;geen
620;Vianen;Levensverwachting;Mannen;80,8;geen;19,2;boven, 99% zeker
620;Vianen;Levensverwachting;Vrouwen;82,2;onder, 95% zeker;20,8;onder, 95% zeker
622;Vlaardingen;Levensverwachting;Totaal;81,7;geen;20,0;geen
622;Vlaardingen;Levensverwachting;Mannen;79,4;geen;18,2;onder, 95% zeker
622;Vlaardingen;Levensverwachting;Vrouwen;83,8;boven, 99% zeker;21,6;boven, 99% zeker
48;Vlagtwedde;Levensverwachting;Totaal;81,1;geen;20,2;geen
48;Vlagtwedde;Levensverwachting;Mannen;78,2;onder, 95% zeker;18,3;geen
48;Vlagtwedde;Levensverwachting;Vrouwen;84,0;geen;21,8;boven, 95% zeker
718;Vlissingen;Levensverwachting;Totaal;80,5;onder, 99% zeker;19,3;onder, 99% zeker
718;Vlissingen;Levensverwachting;Mannen;78,6;onder, 99% zeker;18,0;onder, 99% zeker
718;Vlissingen;Levensverwachting;Vrouwen;82,4;onder, 99% zeker;20,5;onder, 99% zeker
986;Voerendaal;Levensverwachting;Totaal;83,4;boven, 99% zeker;21,7;boven, 99% zeker
986;Voerendaal;Levensverwachting;Mannen;80,2;geen;19,3;boven, 99% zeker
986;Voerendaal;Levensverwachting;Vrouwen;86,7;boven, 99% zeker;24,2;boven, 99% zeker
626;Voorschoten;Levensverwachting;Totaal;84,0;boven, 99% zeker;21,5;boven, 99% zeker
626;Voorschoten;Levensverwachting;Mannen;82,2;boven, 99% zeker;19,9;boven, 99% zeker
626;Voorschoten;Levensverwachting;Vrouwen;85,5;boven, 99% zeker;22,9;boven, 99% zeker
285;Voorst;Levensverwachting;Totaal;82,2;boven, 95% zeker;20,7;boven, 99% zeker
285;Voorst;Levensverwachting;Mannen;80,9;boven, 99% zeker;18,8;geen
285;Voorst;Levensverwachting;Vrouwen;83,4;geen;22,6;boven, 99% zeker
865;Vught;Levensverwachting;Totaal;80,0;onder, 99% zeker;18,4;onder, 99% zeker
865;Vught;Levensverwachting;Mannen;78,8;onder, 99% zeker;17,3;onder, 99% zeker
865;Vught;Levensverwachting;Vrouwen;81,1;onder, 99% zeker;19,3;onder, 99% zeker
866;Waalre;Levensverwachting;Totaal;83,6;boven, 99% zeker;21,1;boven, 99% zeker
866;Waalre;Levensverwachting;Mannen;81,6;boven, 99% zeker;19,6;boven, 99% zeker
866;Waalre;Levensverwachting;Vrouwen;85,5;boven, 99% zeker;22,4;boven, 99% zeker
867;Waalwijk;Levensverwachting;Totaal;81,5;geen;20,2;geen
867;Waalwijk;Levensverwachting;Mannen;79,5;geen;18,5;geen
867;Waalwijk;Levensverwachting;Vrouwen;83,3;geen;21,6;boven, 95% zeker
627;Waddinxveen;Levensverwachting;Totaal;84,2;boven, 99% zeker;22,0;boven, 99% zeker
627;Waddinxveen;Levensverwachting;Mannen;81,8;boven, 99% zeker;19,8;boven, 99% zeker
627;Waddinxveen;Levensverwachting;Vrouwen;86,4;boven, 99% zeker;24,1;boven, 99% zeker
289;Wageningen;Levensverwachting;Totaal;79,9;onder, 99% zeker;18,4;onder, 99% zeker
289;Wageningen;Levensverwachting;Mannen;78,5;onder, 99% zeker;16,8;onder, 99% zeker
289;Wageningen;Levensverwachting;Vrouwen;81,0;onder, 99% zeker;19,7;onder, 99% zeker
629;Wassenaar;Levensverwachting;Totaal;82,7;boven, 99% zeker;21,2;boven, 99% zeker
629;Wassenaar;Levensverwachting;Mannen;81,6;boven, 99% zeker;19,9;boven, 99% zeker
629;Wassenaar;Levensverwachting;Vrouwen;83,7;geen;22,2;boven, 99% zeker
852;Waterland;Levensverwachting;Totaal;84,4;boven, 99% zeker;21,8;boven, 99% zeker
852;Waterland;Levensverwachting;Mannen;82,7;boven, 99% zeker;20,2;boven, 99% zeker
852;Waterland;Levensverwachting;Vrouwen;86,1;boven, 99% zeker;23,3;boven, 99% zeker
988;Weert;Levensverwachting;Totaal;82,0;boven, 95% zeker;20,1;geen
988;Weert;Levensverwachting;Mannen;80,3;geen;18,7;geen
988;Weert;Levensverwachting;Vrouwen;83,7;geen;21,4;geen
457;Weesp;Levensverwachting;Totaal;81,4;geen;19,3;onder, 99% zeker
457;Weesp;Levensverwachting;Mannen;80,0;geen;17,9;onder, 95% zeker
457;Weesp;Levensverwachting;Vrouwen;82,6;geen;20,5;onder, 99% zeker
870;Werkendam;Levensverwachting;Totaal;82,6;boven, 99% zeker;20,8;boven, 99% zeker
870;Werkendam;Levensverwachting;Mannen;80,6;geen;19,3;boven, 99% zeker
870;Werkendam;Levensverwachting;Vrouwen;84,4;boven, 99% zeker;22,0;boven, 99% zeker
668;West Maas en Waal;Levensverwachting;Totaal;81,7;geen;19,4;onder, 99% zeker
668;West Maas en Waal;Levensverwachting;Mannen;80,0;geen;17,8;onder, 99% zeker
668;West Maas en Waal;Levensverwachting;Vrouwen;83,2;geen;20,8;geen
1701;Westerveld;Levensverwachting;Totaal;81,4;geen;20,2;geen
1701;Westerveld;Levensverwachting;Mannen;80,0;geen;19,3;boven, 99% zeker
1701;Westerveld;Levensverwachting;Vrouwen;82,9;geen;21,2;geen
293;Westervoort;Levensverwachting;Totaal;80,7;onder, 95% zeker;18,8;onder, 99% zeker
293;Westervoort;Levensverwachting;Mannen;78,8;geen;17,6;onder, 99% zeker
293;Westervoort;Levensverwachting;Vrouwen;82,6;geen;20,0;onder, 99% zeker
1783;Westland;Levensverwachting;Totaal;82,9;boven, 99% zeker;21,0;boven, 99% zeker
1783;Westland;Levensverwachting;Mannen;81,0;boven, 99% zeker;19,3;boven, 99% zeker
1783;Westland;Levensverwachting;Vrouwen;84,7;boven, 99% zeker;22,5;boven, 99% zeker
98;Weststellingwerf;Levensverwachting;Totaal;80,8;onder, 99% zeker;19,4;onder, 99% zeker
98;Weststellingwerf;Levensverwachting;Mannen;78,0;onder, 99% zeker;17,7;onder, 99% zeker
98;Weststellingwerf;Levensverwachting;Vrouwen;83,7;geen;21,1;geen
614;Westvoorne;Levensverwachting;Totaal;82,4;boven, 95% zeker;20,6;boven, 99% zeker
614;Westvoorne;Levensverwachting;Mannen;80,0;geen;18,6;geen
614;Westvoorne;Levensverwachting;Vrouwen;84,9;boven, 99% zeker;22,5;boven, 99% zeker
189;Wierden;Levensverwachting;Totaal;82,1;boven, 95% zeker;20,0;geen
189;Wierden;Levensverwachting;Mannen;80,3;geen;18,5;geen
189;Wierden;Levensverwachting;Vrouwen;83,8;geen;21,4;geen
296;Wijchen;Levensverwachting;Totaal;82,3;boven, 99% zeker;19,8;geen
296;Wijchen;Levensverwachting;Mannen;80,7;boven, 99% zeker;18,9;boven, 99% zeker
296;Wijchen;Levensverwachting;Vrouwen;83,8;boven, 99% zeker;20,6;onder, 99% zeker
1696;Wijdemeren;Levensverwachting;Totaal;82,3;boven, 99% zeker;20,1;geen
1696;Wijdemeren;Levensverwachting;Mannen;80,4;geen;18,9;boven, 95% zeker
1696;Wijdemeren;Levensverwachting;Vrouwen;84,1;boven, 99% zeker;21,3;geen
352;Wijk bij Duurstede;Levensverwachting;Totaal;82,3;boven, 99% zeker;20,5;boven, 99% zeker
352;Wijk bij Duurstede;Levensverwachting;Mannen;80,6;geen;19,1;boven, 99% zeker
352;Wijk bij Duurstede;Levensverwachting;Vrouwen;84,0;boven, 95% zeker;21,9;boven, 95% zeker
53;Winsum;Levensverwachting;Totaal;80,0;onder, 99% zeker;18,5;onder, 99% zeker
53;Winsum;Levensverwachting;Mannen;77,4;onder, 99% zeker;17,1;onder, 99% zeker
53;Winsum;Levensverwachting;Vrouwen;82,8;geen;19,9;onder, 99% zeker
294;Winterswijk;Levensverwachting;Totaal;82,1;boven, 95% zeker;19,8;geen
294;Winterswijk;Levensverwachting;Mannen;79,9;geen;18,2;geen
294;Winterswijk;Levensverwachting;Vrouwen;84,2;boven, 99% zeker;21,2;geen
873;Woensdrecht;Levensverwachting;Totaal;82,1;boven, 95% zeker;19,5;onder, 99% zeker
873;Woensdrecht;Levensverwachting;Mannen;79,9;geen;17,9;onder, 99% zeker
873;Woensdrecht;Levensverwachting;Vrouwen;84,3;boven, 99% zeker;21,1;geen
632;Woerden;Levensverwachting;Totaal;82,7;boven, 99% zeker;20,5;boven, 99% zeker
632;Woerden;Levensverwachting;Mannen;80,8;boven, 99% zeker;19,0;boven, 99% zeker
632;Woerden;Levensverwachting;Vrouwen;84,4;boven, 99% zeker;21,6;boven, 95% zeker
880;Wormerland;Levensverwachting;Totaal;83,4;boven, 99% zeker;21,0;boven, 99% zeker
880;Wormerland;Levensverwachting;Mannen;81,5;boven, 99% zeker;19,5;boven, 99% zeker
880;Wormerland;Levensverwachting;Vrouwen;85,2;boven, 99% zeker;22,5;boven, 99% zeker
351;Woudenberg;Levensverwachting;Totaal;82,0;geen;20,6;boven, 95% zeker
351;Woudenberg;Levensverwachting;Mannen;79,8;geen;18,5;geen
351;Woudenberg;Levensverwachting;Vrouwen;84,2;geen;22,5;boven, 99% zeker
874;Woudrichem;Levensverwachting;Totaal;81,8;geen;19,6;geen
874;Woudrichem;Levensverwachting;Mannen;80,5;geen;18,5;geen
874;Woudrichem;Levensverwachting;Vrouwen;83,1;geen;20,5;onder, 95% zeker
479;Zaanstad;Levensverwachting;Totaal;80,7;onder, 99% zeker;19,3;onder, 99% zeker
479;Zaanstad;Levensverwachting;Mannen;78,7;onder, 99% zeker;17,8;onder, 99% zeker
479;Zaanstad;Levensverwachting;Vrouwen;82,8;onder, 99% zeker;20,6;onder, 99% zeker
297;Zaltbommel;Levensverwachting;Totaal;81,4;geen;20,5;boven, 99% zeker
297;Zaltbommel;Levensverwachting;Mannen;79,4;geen;19,2;boven, 99% zeker
297;Zaltbommel;Levensverwachting;Vrouwen;83,2;geen;21,6;geen
473;Zandvoort;Levensverwachting;Totaal;79,3;onder, 99% zeker;19,1;onder, 99% zeker
473;Zandvoort;Levensverwachting;Mannen;77,5;onder, 99% zeker;17,6;onder, 99% zeker
473;Zandvoort;Levensverwachting;Vrouwen;80,9;onder, 99% zeker;20,5;onder, 99% zeker
707;Zederik;Levensverwachting;Totaal;82,0;geen;19,3;onder, 99% zeker
707;Zederik;Levensverwachting;Mannen;81,2;boven, 99% zeker;18,2;geen
707;Zederik;Levensverwachting;Vrouwen;82,7;geen;20,3;onder, 99% zeker
50;Zeewolde;Levensverwachting;Totaal;84,6;boven, 99% zeker;23,0;boven, 99% zeker
50;Zeewolde;Levensverwachting;Mannen;81,8;boven, 99% zeker;20,3;boven, 99% zeker
50;Zeewolde;Levensverwachting;Vrouwen;87,9;boven, 99% zeker;26,1;boven, 99% zeker
355;Zeist;Levensverwachting;Totaal;81,1;onder, 95% zeker;19,8;geen
355;Zeist;Levensverwachting;Mannen;79,9;geen;18,6;geen
355;Zeist;Levensverwachting;Vrouwen;82,0;onder, 99% zeker;20,7;onder, 99% zeker
299;Zevenaar;Levensverwachting;Totaal;81,6;geen;20,1;geen
299;Zevenaar;Levensverwachting;Mannen;79,4;geen;18,1;onder, 95% zeker
299;Zevenaar;Levensverwachting;Vrouwen;83,7;geen;22,1;boven, 99% zeker
637;Zoetermeer;Levensverwachting;Totaal;82,6;boven, 99% zeker;20,7;boven, 99% zeker
637;Zoetermeer;Levensverwachting;Mannen;80,8;boven, 99% zeker;19,1;boven, 99% zeker
637;Zoetermeer;Levensverwachting;Vrouwen;84,3;boven, 99% zeker;22,2;boven, 99% zeker
638;Zoeterwoude;Levensverwachting;Totaal;81,7;geen;20,5;geen
638;Zoeterwoude;Levensverwachting;Mannen;79,2;geen;18,6;geen
638;Zoeterwoude;Levensverwachting;Vrouwen;84,3;geen;22,4;boven, 99% zeker
56;Zuidhorn;Levensverwachting;Totaal;80,6;onder, 99% zeker;19,6;onder, 95% zeker
56;Zuidhorn;Levensverwachting;Mannen;79,2;geen;17,9;onder, 95% zeker
56;Zuidhorn;Levensverwachting;Vrouwen;81,9;onder, 99% zeker;21,1;geen
1892;Zuidplas;Levensverwachting;Totaal;83,2;boven, 99% zeker;20,9;boven, 99% zeker
1892;Zuidplas;Levensverwachting;Mannen;81,6;boven, 99% zeker;19,4;boven, 99% zeker
1892;Zuidplas;Levensverwachting;Vrouwen;84,7;boven, 99% zeker;22,3;boven, 99% zeker
879;Zundert;Levensverwachting;Totaal;81,9;geen;20,2;geen
879;Zundert;Levensverwachting;Mannen;79,7;geen;18,7;geen
879;Zundert;Levensverwachting;Vrouwen;84,3;boven, 95% zeker;21,7;geen
301;Zutphen;Levensverwachting;Totaal;80,8;onder, 99% zeker;19,9;geen
301;Zutphen;Levensverwachting;Mannen;79,3;geen;18,6;geen
301;Zutphen;Levensverwachting;Vrouwen;82,0;onder, 99% zeker;21,0;geen
1896;Zwartewaterland;Levensverwachting;Totaal;82,4;boven, 99% zeker;20,2;geen
1896;Zwartewaterland;Levensverwachting;Mannen;81,1;boven, 99% zeker;19,1;boven, 95% zeker
1896;Zwartewaterland;Levensverwachting;Vrouwen;83,5;geen;21,1;geen
642;Zwijndrecht;Levensverwachting;Totaal;82,0;boven, 95% zeker;20,4;boven, 99% zeker
642;Zwijndrecht;Levensverwachting;Mannen;80,3;geen;18,6;geen
642;Zwijndrecht;Levensverwachting;Vrouwen;83,6;geen;21,9;boven, 99% zeker
193;Zwolle;Levensverwachting;Totaal;81,4;geen;19,7;onder, 99% zeker
193;Zwolle;Levensverwachting;Mannen;79,8;geen;18,5;geen
193;Zwolle;Levensverwachting;Vrouwen;83,0;geen;20,7;onder, 99% zeker
